1,喵喵,草,精灵,45,49,49,65,65,45,318
2,喵呜,草,精灵,60,62,63,80,80,60,405
3,魔力猫,草,精灵,80,82,83,100,100,80,525
4,火花,火,精灵(♂),39,52,43,60,50,65,309
5,焰火,火,精灵(♂),58,64,58,80,65,80,405
6,火神,火 翼,精灵(♂),78,84,78,109,85,100,534
7,水蓝蓝,水,精灵(♀),44,48,65,50,64,43,314
8,波波拉,水,精灵(♀),59,63,80,65,80,58,405
9,水灵,水,精灵(♀),79,83,100,85,105,78,530
10,蹦蹦种子,草 毒,植物,45,49,49,65,65,45,318
11,蹦蹦草,草 毒,植物,60,62,63,80,80,60,405
12,蹦蹦花,草 毒,植物,80,82,83,100,100,80,525
13,火苗龙,火,天空,39,52,43,60,50,65,309
14,烈焰龙,火,天空,58,64,58,80,65,80,405
15,烈火飞龙,火 翼,天空,78,84,78,109,85,100,534
16,板板龟,水,,44,48,65,50,64,43,314
17,咔咔壳,水,,59,63,80,65,80,58,405
18,水泡壳,水,,79,83,100,85,105,78,530
19,毛毛,虫,,45,42,35,50,40,35,247
20,爬爬,虫,,50,50,55,63,55,45,318
21,化蝶,虫 翼,,90,86,75,100,80,70,501
22,卷尾虫,虫 毒,,40,45,40,35,40,70,270
23,独角虫,虫 毒,,65,60,70,49,70,95,409
24,紫雾虫,虫 毒,,90,75,90,60,93,115,523
25,咔咔羽毛,普 翼,天空,40,45,40,35,35,56,251
26,咔咔雀,普 翼,天空,63,60,55,50,50,71,349
27,咔咔鸟,普 翼,天空,83,80,75,70,70,91,469
28,地鼠,土,乖乖,50,75,85,20,30,40,300
29,遁鼠,土,乖乖,75,100,110,45,55,65,450
30,多多,毒,,55,47,52,40,40,41,275
31,多啦多,毒,,70,62,67,55,55,56,365
32,古啦多,毒,,90,82,87,75,85,76,495
33,路路,毒,,46,57,40,40,40,50,273
34,路路尼,毒,,61,72,57,55,55,65,365
35,古路尼,毒 土,,81,92,77,85,75,85,495
36,超音蝠,毒 翼,天空,40,45,35,30,40,55,245
37,扁嘴蝠,毒 翼,天空,75,80,70,65,75,90,455
38,武斗酷猫,草,,111,105,105,145,130,104,700
39,格兰酋长,草,,118,85,108,105,118,115,649
40,护主犬,火,(♂),55,70,45,70,50,60,350
41,音速犬,火,(♂),90,110,80,100,80,95,555
42,小木偶,械,(♂),48,54,73,43,45,45,308
43,混乱木偶,械,(♂),70,77,90,60,63,62,422
44,木偶帅帅,械,(♂),90,98,110,83,85,82,548
45,翡翠水母,水 毒,,40,40,35,50,100,70,335
46,琉璃水母,水 毒,,80,70,65,80,120,100,515
47,小布石,石 土,大地,40,80,100,30,30,20,300
48,布莱石,石 土,大地,55,95,115,45,45,35,390
49,布莱克岩,石 土,大地,80,110,130,55,65,45,485
50,电圈怪,电 械,,25,35,70,95,55,45,325
51,电网怪,电 械,,50,60,95,120,70,70,465
52,生命蓝灵,水,,60,58,62,44,45,70,339
53,鬼雾,幽 毒,,30,35,30,100,35,80,310
54,邪雾,幽 毒,,45,50,45,115,55,95,405
55,灵雾,幽 毒,,60,65,60,130,75,110,500
56,闪电球,电,,40,30,50,55,55,100,330
57,霹雳球,电,,60,50,70,80,80,140,480
58,蒲公英,草 萌,植物,60,40,80,60,45,40,325
59,大蒲公英,草 萌,植物,95,95,85,125,65,55,520
60,巨牙猛犸象,草,,115,95,105,104,96,99,614
61,上古猛犸象,草,,130,120,108,113,105,103,679
62,格斗小八,武,,35,35,35,35,35,35,210
63,阿蒙哞哞,萌,,71,72,52,51,47,48,341
64,滑轮哞哞,萌,,88,92,74,68,67,68,457
65,滑稽哞哞,萌,,110,113,96,87,85,85,576
66,蜗石贝,石 水,,35,40,100,90,55,35,355
67,刺蜗贝,石 水,,70,60,125,115,70,55,495
68,卡布托,石 水,,30,80,90,55,45,55,355
69,迷你利乌,龙,乖乖,41,64,45,50,50,50,300
70,奇丽草,草,植物,45,49,65,49,65,45,318
71,奇丽叶,草,植物,60,62,80,63,80,60,405
72,奇丽花,草,植物,80,82,100,83,100,80,525
73,幽灵酷少,幽,(♂),50,61,46,79,48,52,336
74,幽灵少主,幽,(♂),70,82,64,98,65,72,451
75,蓝焰幽灵主,幽,(♂),88,105,82,120,87,95,577
76,羊角恶魔,恶,(♂),48,54,63,66,56,53,340
77,红发恶魔,恶,(♂),70,71,82,84,76,72,455
78,小恶魔洛基,恶,(♂),90,90,100,105,98,92,575
79,圆眼蜘蛛,虫,,40,60,40,40,40,30,250
80,尖角蜘蛛,虫,,70,90,70,60,60,40,390
81,双灯鱼,水 电,,75,38,38,56,56,67,330
82,利灯鱼,水 电,,125,58,58,76,76,67,460
83,粉粉星,电,,75,38,38,56,56,67,330
84,小皮球,电,,125,58,58,76,76,67,460
85,铁皮羊,械,,66,72,75,50,52,55,370
86,羊羔战士,械,,98,90,100,80,81,78,527
87,电咩咩,电,,55,40,40,65,45,35,280
88,粉咩咩,电,,70,55,55,80,60,45,365
89,格兰种子,草 翼,植物,35,35,40,35,35,50,230
90,格兰花,草 翼,植物,55,45,50,45,65,80,340
91,格兰球,草 翼,植物,75,55,70,55,85,110,450
92,梦游,幽,,60,60,60,85,85,85,435
93,小帕尔萨斯,恶,(♂),70,70,70,70,70,70,420
94,格格布,冰,不死,60,80,50,40,40,30,300
95,格布布,冰,不死,90,120,75,80,60,55,480
96,呼呼猪,冰 土,动物,50,50,40,30,30,50,250
97,獠牙猪,冰 土,动物,100,100,80,60,60,50,450
98,袜兜兜,萌,,70,75,60,70,61,62,398
99,阿米亚特,石 土,大地,50,64,50,45,50,41,300
100,阿米樱,石 土,大地,70,84,70,65,70,51,410
101,罗隐,石 恶,大地,100,134,110,95,100,61,600
102,丢丢,草,,40,45,35,65,55,70,310
103,卡卡虫,草,,50,65,45,85,65,95,405
104,卡瓦重,草,,70,85,65,105,85,120,530
105,可立鸡,火,动物,45,60,40,70,50,45,310
106,晕晕鸡,火 武,动物,60,85,60,85,60,55,405
107,眩目鸡,火 武,动物,80,120,70,110,70,80,530
108,大尾鱼,水,,50,70,50,50,50,40,310
109,黑当鱼,水 土,,70,85,70,60,70,50,405
110,极地小熊,冰,,50,55,56,49,56,48,314
111,白发懒人,普,(♂),60,60,60,35,35,30,280
112,动力猿,普,(♂),80,80,80,55,55,90,440
113,瞌睡王,普,(♂),150,160,100,95,65,100,670
114,迷迷眼,恶 幽,不死,50,75,75,65,65,50,380
115,多西,械 石,,50,70,90,40,40,30,320
116,库多西,械 石,,60,90,130,50,60,40,430
117,波多西,械 石,,80,110,170,60,80,50,550
118,呆火鸟,火 土,天空,60,60,40,65,45,35,305
119,喷火鸟,火 土,天空,70,100,70,105,75,40,460
120,白眉小猿,武,,50,47,45,45,36,49,272
121,白眉功夫猿,武,,73,70,67,65,59,70,404
122,白眉武生猿,武,,92,92,90,86,81,87,528
123,幸运熊,萌,,64,58,62,53,49,55,341
124,暗夜骷颅,幽,,20,40,90,30,90,25,295
125,夜巨魔,幽,,40,70,130,60,130,25,455
126,自由黄灵,翼,,55,58,49,62,58,60,342
127,雪娃娃,冰,精灵,50,50,50,50,50,50,300
128,冰封怨灵,冰,精灵,80,80,80,80,80,80,480
129,雪精灵,冰 幽,精灵,140,95,70,110,70,90,575
130,雪豹球,冰 水,,70,40,50,25,50,55,290
131,海巫狮,冰 水,,90,60,70,75,70,45,410
132,帝王雪狮,冰 水,,110,80,90,95,90,65,530
133,小鼠獭,普,动物,59,45,40,35,40,31,250
134,大鼠獭,普 水,动物,79,85,60,55,60,71,410
135,小星光,电,,45,65,34,40,34,45,263
136,星光狮,电,,60,85,49,60,49,60,363
137,迪莫,光,(♂),90,102,83,120,89,92,576
138,独角龙,石,,67,125,40,30,30,58,350
139,暴角龙,石,,97,165,60,65,50,58,495
140,小草虫,虫,,40,29,45,29,45,36,224
141,草衣虫,虫 翼,,60,59,85,79,105,36,424
142,魔果多多,萌,,70,64,50,54,50,66,354
143,小黄蜂,虫 翼,,30,30,42,30,42,70,244
144,黄蜂后,虫 翼,,70,80,102,80,102,40,474
145,海豚乐乐,水,,78,64,68,65,72,76,423
146,海豚族长,水,,107,112,95,95,99,110,618
147,小雪人,草 冰,,60,62,50,62,60,40,334
148,雪怪,草 冰,,90,92,75,92,85,60,494
149,小蜂猴,萌,,38,45,42,53,43,41,262
150,跳跳蜂猴,萌,,59,64,61,71,65,58,378
151,卷尾蜂猴,萌,,80,82,83,88,86,80,499
152,拉特,电,精灵(♂),70,63,70,95,70,75,443
153,酷拉,电,精灵(♂),90,82,93,135,105,95,600
154,木豆丁,草,,52,49,50,61,51,47,310
155,木藤藤,草,,69,70,70,81,74,69,433
156,阿木木,草,,90,88,87,110,91,88,554
157,乖乖狼,武,(♂),49,71,62,51,43,52,328
158,小帅狼,武,(♂),71,92,81,70,65,75,454
159,冷月狼,武,(♂),89,110,100,88,85,92,564
160,冰原剑,冰,,45,51,80,40,56,47,319
161,寒冰剑,冰,,64,74,102,60,73,66,439
162,寒翼剑,冰,,83,95,120,82,90,88,558
163,斑斑猫,普,,81,43,42,52,52,41,311
164,大嘴猫,普,,103,66,59,71,71,63,433
165,贪吃猫,普,,120,88,80,92,88,86,554
166,草头大眼鸭,水,动物,50,52,48,75,60,65,350
167,刺头哭眼鸭,水,动物,90,92,85,105,80,90,542
168,小海豹,水,,65,45,55,45,70,45,325
169,白海豹,水,,90,70,80,70,95,70,475
170,绿耳松鼠,普,,67,71,67,66,63,61,395
171,抱枕松鼠,普,,97,99,96,96,89,90,567
172,小奥可,冰,,51,44,44,77,51,51,318
173,冰晶奥可,冰,,72,62,65,99,74,71,443
174,雪绒奥可,冰,,92,85,82,118,92,90,559
175,雪灵兽,冰,,54,43,45,78,51,49,320
176,幻雪兽,冰,,73,62,67,104,69,69,444
177,饮雪狂兽,冰,,95,80,85,122,88,90,560
178,科多,冰,,54,48,55,49,51,45,302
179,科多多,冰,,73,65,75,68,74,62,417
180,科多索,冰,,95,85,95,88,95,82,540
181,呆桶企鹅,冰,,54,47,42,57,52,54,306
182,呆呆企鹅,冰,,71,89,65,74,69,73,441
183,钓鱼企鹅,冰,,88,92,85,95,88,92,540
184,意志紫灵,萌,,65,52,50,47,55,48,317
185,镰刀卡布,石 水,,60,115,105,65,70,80,495
186,哈古利乌,龙,天空,61,84,65,70,70,70,420
187,羽多,羽,,62,58,55,58,62,60,355
188,十字蝌蚪,水,(♂),59,57,42,56,40,58,312
189,十字蛙,水,(♂),78,78,60,77,59,81,433
190,深渊蛙,水 武,(♂),98,96,82,85,81,99,541
191,绿芽粘粘,土,,52,48,44,52,47,40,283
192,电狐,电,乖乖,55,20,55,105,55,90,380
193,幽狐,电,乖乖,65,35,60,120,70,105,455
194,冥狐,电 幽,乖乖,80,50,75,135,85,120,545
195,海豚,水,,70,40,50,25,50,55,290
196,奇丽果,草,,90,92,105,93,105,90,575
197,空灵斗士,草,,82,98,81,75,78,105,519
198,蝴蝶陶陶,萌,,68,65,63,65,40,82,383
199,猫老大,萌 毒,,100,90,85,95,65,125,560
200,巨翎天鹅,水,,101,96,93,133,92,99,614
201,天鹅领主,水,,119,113,103,144,111,103,693
202,变异霹雳云,普 翼,任务,65,90,65,61,61,100,442
203,伊童,石,,66,69,57,64,65,55,376
204,奥丁,石,,63,58,64,67,60,56,368
205,果冻,水,,65,90,65,61,61,100,442
206,小狮鹫,普 翼,(♂),65,60,65,70,60,100,420
207,神圣狮鹫,普 翼,(♂),70,70,70,90,65,105,470
208,皇家狮鹫,普 翼,(♂),75,75,80,130,70,120,550
209,布拉琪,石,,63,67,61,66,65,60,382
210,瓦尔基利亚,石,,68,60,64,56,61,66,375
211,小蘑菇,幽,不死,18,35,70,25,80,20,248
212,幽暗蘑菇,幽,不死,20,40,90,30,90,25,295
213,蘑菇王,幽,不死,30,35,95,35,95,30,320
214,萤火幽灵,幽,不死,20,40,90,30,90,25,295
215,拐杖幽灵,幽,不死,25,45,95,35,95,30,325
216,豆豆龙,械,,65,50,70,60,60,50,355
217,火箭龙,械,,80,65,90,70,70,60,435
218,火箭喷射龙,械,,100,80,120,80,80,70,530
219,空灵兽,草,植物,65,90,65,61,61,100,442
220,记忆石,石,任务,65,90,65,61,61,100,442
221,夜回犀牛,土,任务,65,90,65,61,61,100,442
222,水晶犬,毒,任务,65,90,65,61,61,100,442
223,恶魔叮,恶,任务,65,90,65,61,61,100,442
224,古钟蛇,萌,任务,65,90,65,61,61,100,442
225,爆焰飞龙,火,,98,104,98,115,102,120,637
226,小河马,萌 翼,天空,65,90,65,60,60,100,440
227,河马小天使,萌 翼,天空,75,100,75,65,65,105,485
228,飞鱼,萌 翼,天空,78,85,76,53,65,86,443
229,飞羽,萌 翼,天空,91,96,83,81,86,106,543
230,小天马,萌 翼,天空,71,73,75,54,52,72,397
231,独角兽,萌 翼,天空,95,94,84,72,85,95,525
232,小翼龙,龙 翼,天空,65,90,65,60,60,100,440
233,翼龙,龙 翼,天空,75,100,75,65,65,105,485
234,机甲壳,械,,72,45,78,65,55,40,355
235,机械蜥蜴,械,,87,60,98,75,65,60,445
236,机械龙,械,,107,75,128,85,75,70,540
237,格斗小五,武,(♂),65,90,65,61,61,100,442
238,格斗小六,武,(♂),75,94,70,63,62,105,469
239,格斗小七,武,(♂),80,100,75,63,62,105,485
240,小火猴,武,,59,94,42,44,45,40,324
241,拳套猴,武,,79,103,69,60,71,78,460
242,火爆猴,武,,99,121,71,74,93,84,542
243,乌达,恶 火,不死,63,44,48,65,69,44,333
244,迷你乌,恶 火,不死,73,68,64,76,92,55,428
245,乌拉塔,恶 火,不死,74,83,83,71,128,82,521
246,独眼怪,恶 水,不死,57,50,59,62,78,55,361
247,独眼魔,恶 水,不死,69,64,62,64,88,65,412
248,独眼巨魔,恶 水,不死,80,72,86,70,126,86,520
249,小玲鹿,土,,67,38,47,43,47,34,276
250,玲鹿,土,,86,64,67,60,73,70,420
251,多角玲鹿,土,,111,72,110,84,100,87,564
252,小钻鼠,土,,64,38,57,41,59,36,295
253,钻钻鼠,土,,76,58,63,64,81,72,414
254,霹雳旋风鼠,土,,101,82,115,81,113,74,566
255,倒影娃娃,恶,,55,46,57,44,48,35,285
256,腿朝天,恶,,76,68,76,63,71,54,408
257,倒影怪,恶,,98,88,98,81,92,76,533
258,小曼陀罗猪,恶 草,,56,65,43,37,31,60,292
259,曼陀罗猪,恶 草,,70,86,68,57,51,84,416
260,曼陀罗猪神,恶 草,,99,102,99,82,73,91,546
261,罗达械,械,,51,53,77,45,57,55,338
262,罗达战车,械,,69,64,84,69,67,79,432
263,罗达德,械,,85,82,116,97,94,82,556
264,伊拉龙,龙 翼,,65,50,70,62,60,50,357
265,伊雷龙,龙 翼,,80,65,90,83,70,60,448
266,伊兰亚龙,龙 翼,,100,80,120,120,80,70,570
267,封印守卫,龙,(♂),65,78,70,60,60,50,383
268,封印使者,龙,(♂),80,93,90,70,70,60,463
269,上古战龙,龙 武,(♂),120,130,120,80,80,70,600
270,烈钻鸟,火 翼,,48,54,50,38,42,68,300
271,长尾火鸟,火 翼,,71,72,75,66,67,71,422
272,火羽,火 翼,,92,99,91,89,75,95,541
273,触须草龙,龙 翼,天空,68,53,73,62,62,52,370
274,触角草龙,龙 翼,天空,83,68,95,75,71,65,457
275,触灵飞龙,龙 翼,天空,105,85,122,85,85,77,559
276,小花嘴龙,龙 翼,天空,66,50,70,60,59,50,355
277,花嘴龙,龙 翼,天空,80,65,90,70,70,59,434
278,丰羽嘴龙,龙 翼,天空,100,80,120,80,80,70,530
279,小蛋蛋龙,龙 翼,天空,66,57,75,60,60,55,373
280,蛋蛋龙,龙 翼,天空,81,68,95,74,66,65,449
281,藤蔓蛋龙,龙 翼,天空,104,82,115,90,77,75,543
282,玛雅,石,,85,50,40,40,70,50,335
283,玛雅之星,石,,110,65,60,60,125,60,480
284,玛雅石像鬼,石,,140,80,80,80,150,70,600
285,霹雳龙,龙,大地,70,54,70,66,63,55,378
286,霹雳石龙,龙,大地,85,64,95,77,72,66,459
287,霹雳金龙,龙,大地,100,82,130,88,81,77,558
288,蒸汽龙,龙,大地,67,50,75,60,60,55,367
289,蒸汽甲龙,龙,大地,85,62,105,70,70,64,456
290,蒸汽神龙,龙,大地,110,80,135,80,80,72,557
291,小地狱犬,恶 萌,,54,47,44,55,73,58,331
292,地狱三头犬,恶 萌,,60,56,58,66,85,67,392
293,炎魔地狱犬,恶 萌,,85,86,72,83,116,89,531
294,红唇鱼,水,,42,51,68,50,54,40,305
295,红龙角,水,,65,70,85,60,73,74,427
296,满珊瑚,水,,94,89,108,97,98,93,579
297,幻象勇士,械,(♂),42,69,67,58,49,50,335
298,幻象骑士,械,(♂),75,95,98,63,64,76,471
299,幻影霸主,械,(♂),85,120,120,93,82,91,591
300,缇塔,械,,50,59,73,49,46,52,329
301,声波缇塔,械,,61,67,99,67,71,67,432
302,超导缇塔,械,,90,94,103,91,83,95,556
303,石朵,土 石,(♂),65,50,70,60,60,50,355
304,厚岩,土 石,(♂),80,65,90,70,70,60,435
305,石敢当,土 石,(♂),100,80,120,80,80,70,530
306,管家盾,电,,50,40,79,52,54,48,323
307,惩戒者,电,,60,53,92,66,67,60,398
308,灵魂守护,电 械,,92,74,120,82,90,80,538
309,寄生菇菇,草,植物(♂),56,52,79,43,41,41,312
310,多孔菇菇,草,植物(♂),79,77,87,67,60,61,431
311,白须菇菇,草,植物(♂),88,80,100,87,95,84,534
312,恶魔独角兽,恶,,44,54,75,47,44,58,322
313,大耳独角兽,恶,,61,78,90,66,67,65,427
314,独角酷儿,恶 翼,,90,95,109,95,83,98,570
315,小甲基丸,恶,,70,72,63,59,59,64,387
316,甲基丸,恶,,92,98,82,78,78,85,513
317,小机械贝贝,械,,85,60,80,40,50,40,355
318,机械贝贝,械,,100,80,100,55,64,50,449
319,鹿角贝贝,械,,130,100,130,70,78,60,568
320,龙族之王,龙,任务,65,90,65,60,60,50,390
321,帕娃咔咔,恶,任务,65,90,65,60,60,50,390
322,阿亚拉拉,恶,任务,65,90,65,60,60,50,390
323,红萝卜兔,草,动物,70,70,70,70,70,70,420
324,白萝卜兔,草,动物,70,70,70,70,70,70,420
325,巨石像,石,任务,,,,,,,0
326,星星恶魔,恶 火,不死,69,40,49,60,79,46,343
327,暴牙恶魔,恶 火,不死,79,68,68,76,88,54,433
328,宝石恶魔,恶 火,不死,88,88,75,83,128,82,544
329,无牙恶魔,恶 水,不死,61,45,53,67,60,47,333
330,石像恶魔,恶 水,不死,64,53,55,69,80,54,375
331,骨龙恶魔,恶 水,不死,72,75,80,72,115,83,497
332,小木乃伊,恶 电,不死,60,43,47,61,79,41,331
333,利爪木乃伊,恶 电,不死,61,52,56,73,84,60,386
334,海盗木乃伊,恶 电,不死,80,79,75,77,120,75,506
335,恶魔狼,恶 萌,,51,50,50,56,64,46,317
336,酷酷狼,恶 萌,,69,62,58,66,86,56,397
337,肌肉狼,恶 萌,,78,76,82,76,128,72,512
338,恶魔猪,恶 冰,不死,61,47,55,62,64,54,343
339,恶魔娃娃,恶 冰,不死,77,60,68,75,98,57,435
340,恶魔战士,恶 冰,不死,78,88,80,86,119,86,537
341,南瓜炸弹,恶,,64,53,54,54,62,47,334
342,炸弹人,恶,,74,58,69,73,98,51,423
343,炸弹头领,恶,,81,78,86,81,125,89,540
344,骨龙,龙,任务,65,90,65,60,60,50,390
345,阿基拉,械,任务,65,100,80,75,70,110,500
346,提普斯,萌,任务,55,65,80,65,60,75,400
347,铃铛鬼魔,幽 火,,64,41,49,61,51,52,318
348,铃铛幽灵,幽 火,,65,57,58,99,52,54,385
349,铃铛恶灵,幽 火,,78,84,81,126,75,70,514
350,雪浮灵,幽 水,,57,45,56,51,64,49,322
351,雪云幽灵,幽 水,,69,66,59,68,87,50,399
352,雪云恶灵,幽 水,,75,80,76,113,82,79,505
353,幽灵刺,幽 刺,,50,52,41,60,42,47,292
354,幽灵水母,幽 刺,,74,61,68,86,50,56,395
355,幽灵巨魔,幽 刺,,79,80,70,124,87,84,524
356,小罗王,幽,,52,53,40,75,43,53,316
357,符咒走尸,幽,,77,59,53,91,68,61,409
358,跳跳移尸,幽,,78,84,76,124,87,85,534
359,武斗谋士,幽 萌,,51,43,50,60,59,50,313
360,武斗尚书,幽 萌,,79,54,62,93,65,63,416
361,武斗宰相,幽 萌,,83,74,78,124,72,82,513
362,幽冥灯,幽 冰,,63,40,40,64,48,50,305
363,幽冥眼,幽 冰,,79,52,56,88,65,63,403
364,幽冥紫灯,幽 冰,,79,79,88,125,76,73,520
365,水球球,萌,,90,80,105,80,105,90,550
366,帕尔萨斯,恶,守护,100,100,100,100,100,100,600
367,鲁米,冰,动物,60,40,50,35,50,55,290
368,鲁尔,冰,动物,80,70,70,60,70,57,407
369,鲁特,冰,动物,95,90,90,80,90,65,510
370,雪豆丁,冰,,50,50,40,30,30,50,250
371,雪蛮人,冰 水,,70,80,50,50,60,55,365
372,雪巨人,冰 水,,90,100,60,85,65,80,480
373,跳跳企鹅,冰,动物,45,55,55,45,48,48,296
374,冰棒企鹅,冰,动物,55,70,72,50,55,60,362
375,冻鱼企鹅,冰,动物,70,88,90,60,70,75,453
376,海豹旗手,武 水,(♂),74,65,41,43,43,43,309
377,海豹战士,武 水,(♂),93,85,62,66,61,62,429
378,海豹船长,武 水,(♂),110,105,82,84,80,81,542
379,布鲁斯,冰,守护,60,60,40,50,55,45,310
380,雪顶布鲁斯,冰,守护,80,85,60,70,68,55,418
381,冰钻布鲁斯,冰,守护,100,100,80,90,77,78,525
382,梦幻卡洛儿,水,(♀),125,115,102,103,98,86,629
383,啾啾,恶,,80,80,80,80,80,80,480
384,黑影,普,任务,,,,,,,0
385,上古龙王,龙,任务,,,,,,,0
386,不倒叮当,土,,70,40,62,41,62,42,317
387,长尾叮当,土,,90,62,81,58,80,61,432
388,叮当猫,土,,110,80,98,82,98,78,546
389,面包嘟嘟,土,,50,68,42,51,52,35,298
390,面包猴,土,,73,87,60,69,71,56,416
391,面包侠,土,,90,110,82,90,88,78,538
392,小奶牛,萌,,45,58,48,42,55,35,283
393,可爱牛牛,萌,,65,76,70,64,74,56,405
394,斑点牛牛,萌,,85,92,87,85,96,78,523
395,黑暗盖迪,恶,(♂),35,43,44,63,55,34,274
396,独目盖迪,恶,(♂),54,60,64,81,78,55,392
397,佝偻盖迪,恶,(♂),72,82,82,98,95,78,507
398,电精战士,电,(♂),55,44,51,59,38,52,299
399,电魂骑士,电,(♂),73,67,71,79,56,75,421
400,霹雳领主,电,(♂),92,86,88,96,98,78,538
401,通透鱼,水,任务,125,58,58,76,76,67,460
402,屎壳郎,水 火,任务,125,58,58,76,76,67,460
403,龙珠搜索器,械,任务,,,,,,,0
404,鬼眼狂虫,恶,不死,51,43,49,55,75,42,315
405,耳翎鬼虫,恶,不死,72,66,62,71,98,61,430
406,巨魔邪虫,恶,不死,92,83,85,95,120,80,555
407,麋鹿,冰 土,大地,90,100,90,100,90,80,550
408,小卡秋莎,恶,,50,50,50,49,49,50,298
409,卡秋莎,恶 龙,,90,90,90,90,110,90,560
410,云翼雀,翼,(♂),36,40,62,32,43,70,283
411,十字雀,翼,(♂),55,60,84,54,62,92,407
412,刺顶雀,翼,(♂),75,81,102,74,82,110,524
413,幽灵羊,幽,,40,38,40,68,54,77,317
414,蓝羚羊,幽,,63,60,58,85,72,94,432
415,鬼魅羚羊,幽 恶,,82,81,80,105,91,113,552
416,斑斑竹,草,植物,59,50,55,55,47,42,308
417,清水竹,草,植物,79,72,76,74,66,65,432
418,花脸竹,草,植物,99,92,94,96,87,86,554
419,伊贝儿,草,,40,42,40,60,58,50,290
420,伊粉粉,草,,60,62,60,80,78,70,410
421,伊坏坏,草,,80,82,80,100,98,90,530
422,幼齿螳螂,武,,45,85,39,44,41,45,299
423,利刃螳螂,武,,63,103,58,65,59,66,414
424,狂暴螳螂,武,,80,120,76,86,79,85,526
425,呱呱,普 萌,,60,60,60,60,60,60,360
426,少林呱呱,水 武,,90,110,80,90,80,85,535
427,富贵呱呱,土 石,,90,95,80,105,80,90,540
428,逍遥呱呱,火 草,,90,90,80,110,80,85,535
429,受伤的呱呱,普 萌,任务,,,,,,,0
430,圣水守护,水,(♀),111,150,123,105,108,120,717
431,小灵灯笼,幽,,52,48,55,65,42,58,320
432,幽灵灯笼,幽 火,,66,64,70,80,60,72,412
433,孔明灯,幽 火,,78,77,80,100,75,90,500
434,叮叮恶魔,恶,任务,85,110,85,82,82,120,564
435,龟仙隐者,水 石,任务,,,,,,,0
436,黑泥,土,任务,,,,,,,0
437,朝天蟹,水,,45,44,62,55,58,40,304
438,冲冠蟹,水,,58,60,85,68,74,55,400
439,怒焰刺蟹,水 土,,80,78,100,85,100,74,517
440,海闪星,水,,50,60,70,62,65,55,362
441,海魔星,水,,60,70,78,75,76,58,417
442,海霸星,水,,80,90,95,88,90,72,515
443,艾莉儿,水,精灵(♀),50,58,65,70,62,55,360
444,美人鱼,水,精灵(♀),65,75,80,85,77,60,442
445,怨念魔鱼,水,精灵(♀),78,80,95,105,90,75,523
446,梅花鹿,冰 萌,乖乖,70,81,85,80,75,75,466
447,兔尾绒,虫,乖乖,60,75,40,58,68,40,341
448,兔球球,虫,乖乖,75,100,65,78,90,60,468
449,桃花包子球,草,,45,52,54,60,65,45,321
450,桃胖子,草,,65,75,77,80,80,63,440
451,桃花仙,草,,80,82,83,90,95,80,510
452,清水之妖,水,,42,54,50,65,55,50,316
453,清水之精,水,,68,75,75,80,70,60,428
454,清水领主,水,,82,85,83,95,85,77,507
455,小包子熊,萌,,70,60,58,55,60,50,353
456,包子忍者,萌,,92,85,72,70,80,70,469
457,忍者包子熊,萌,,110,100,90,75,85,75,535
458,仙羽,翼,,55,50,55,70,60,70,360
459,一点红,翼,,70,55,70,90,65,85,435
460,念珠鹤,翼,,75,65,80,110,70,90,490
461,圈圈海龟,水 石,,60,65,70,58,68,40,361
462,龟仙人,水 石,,90,88,95,78,90,50,491
463,念力兽,幽,,55,50,48,60,58,50,321
464,迷魂精,幽,,62,65,60,78,75,62,402
465,控魂,幽,,88,85,82,95,92,80,522
466,泪花犬,恶,,52,53,47,58,62,46,318
467,目光犬,恶,,72,63,55,66,88,56,400
468,大神犬,恶,,78,78,83,76,115,70,500
469,水跃鱼,水,,40,45,44,46,48,50,273
470,刀疤鱼,水,,59,62,61,60,58,68,368
471,跃龙鱼,水,,88,80,85,78,75,90,496
472,精魂,幽,不死,60,63,42,48,55,65,333
473,不屈战魂,幽,不死,88,95,63,70,82,85,483
474,绿芽蛋蛋,普,,44,52,50,40,41,42,269
475,眩晕蛋蛋,普,,65,73,71,63,62,65,399
476,外套蛋蛋,普,,85,95,93,88,85,80,526
477,流光镜,械,,30,45,48,50,58,37,268
478,摄魂镜,械,,50,64,62,62,78,55,371
479,八卦镜,械,,75,88,85,73,100,72,493
480,焚香怪,火,,60,85,60,85,60,55,405
481,香魂,火,,80,100,70,100,70,75,495
482,小荷,毒,,55,70,60,50,51,55,341
483,蛇娘子,毒 水,,60,85,75,60,59,60,399
484,还愿蛇仙,毒 水,,78,110,90,72,75,75,500
485,邪恶玄武,土 恶,(♂),70,75,75,70,55,40,385
486,神圣玄武,土 恶,(♂),90,120,95,120,80,50,555
487,蝶兰花,草 翼,植物,60,55,40,62,68,60,345
488,盛世花仙,草 翼,植物,75,85,65,95,90,75,485
489,灵狐,火,乖乖,45,52,48,60,55,60,320
490,九尾狐,火,乖乖,60,68,62,77,72,75,414
491,尖嘴狐仙,火,乖乖,78,80,79,98,85,95,515
492,可爱鼠,武,动物,55,67,60,50,51,77,360
493,小灵鼠,武,动物,60,82,72,60,59,90,423
494,桃面鼠,武,动物,78,90,80,70,65,120,503
495,五毒兽,毒,乖乖,65,57,65,58,47,66,358
496,花楹子,毒,乖乖,80,75,85,70,60,82,452
497,失心魔,恶,,60,52,50,48,47,50,307
498,嗜心魔,恶,,80,75,68,59,58,66,406
499,噬心魔,恶,,100,88,82,78,78,80,506
500,四肢雷鸣兽,械,任务,100,80,80,80,120,80,540
501,红发流星锤,械,任务,120,80,80,120,80,80,560
502,猪身炮火车,械,任务,140,80,120,80,80,80,580
503,飞翅连击锥,械,任务,160,120,80,80,80,80,600
504,烈火战神,火,(♂),115,111,100,155,115,106,702
505,风暴战犬,火,(♂),116,128,98,110,96,105,653
506,熊猫秀才,武,,60,62,50,44,46,60,322
507,功夫熊猫,武,,75,77,62,55,58,70,397
508,狂暴熊猫,武,,90,100,72,70,68,85,485
509,线球鼠,石,动物,55,40,50,65,62,44,316
510,爪爪鼠,石,动物,72,55,62,85,81,60,415
511,慈母鼠,石,动物,82,68,78,110,98,72,508
512,青铜审判者,械,,60,60,80,65,60,40,365
513,白金审判者,械,,80,75,100,80,75,55,465
514,仲裁弗兰克,械,,100,85,140,98,80,63,566
515,电力宝宝,电,,60,50,53,75,50,70,358
516,电力小子,电,,70,75,73,92,72,90,472
517,电子超人,电,,80,82,85,120,88,130,585
518,幻影,水,任务,85,100,65,85,68,75,478
519,黑桃小丑,幽,,64,38,54,83,47,70,356
520,红蓝小丑,幽,,82,61,75,101,69,89,477
521,魔法小丑,幽,,105,82,92,120,88,110,597
522,灵石猴,石,,50,55,60,50,52,60,327
523,踏云猴,石,,60,75,80,70,72,75,432
524,大力神,石 武,,90,110,85,80,82,80,527
525,火云神,石 火,,100,90,90,120,98,85,583
526,呆呆蛙,水,,49,47,55,50,43,46,290
527,麦克蛙,水,,69,66,73,71,64,67,410
528,彩虹蛙,水,,88,86,92,89,86,85,526
529,暴力猿,火,,100,98,103,107,100,99,607
530,年兽,龙,任务,80,80,80,80,80,80,480
531,小独角兽,翼,,60,60,60,60,60,60,360
532,青铜独角兽,翼,,80,80,80,80,80,80,480
533,白金独角兽,翼 冰,,100,82,85,110,95,82,554
534,黄金独角兽,翼 火,,100,110,95,82,85,82,554
535,小马驹,火,动物,42,40,39,58,44,65,288
536,千里赤云,火,动物,62,60,61,79,65,90,417
537,火云战马,火,动物,80,82,78,99,85,110,534
538,菇菇丁,土 草,,46,39,67,35,49,43,279
539,多菇丁,土 草,,65,56,88,58,68,60,395
540,九幽菇,土 草,,88,78,108,81,88,82,525
541,齿龙,龙,(♂),56,55,43,42,37,43,276
542,战斧龙,龙,(♂),74,75,60,62,60,63,394
543,战斧暴龙,龙,(♂),92,94,82,85,81,80,514
544,美美豆,草,,40,55,53,39,46,46,279
545,豆美美,草,,60,75,73,62,63,65,398
546,美豆豆,草,,82,93,90,82,84,85,516
547,锯齿孢子,毒,,42,40,38,67,63,51,301
548,触须孢子,毒,,63,62,60,88,85,69,427
549,巨目孢子,毒,,82,79,81,108,108,88,546
550,冥想泡泡,萌,,47,43,22,55,53,42,262
551,飞行泡泡,萌,,68,64,41,76,72,66,387
552,幻影泡泡,萌,,88,85,60,94,90,82,499
553,运动宝宝,普,,50,58,50,50,53,48,309
554,南瓜乐乐,恶,,55,53,58,51,50,48,315
555,小石头,石,(♂),44,58,62,56,45,40,305
556,青砖精,石,(♂),55,77,80,78,60,52,402
557,巨灵石,石,(♂),72,90,98,90,80,70,500
558,棒棒柴,草,,68,52,44,80,44,70,358
559,烽火,草 火,,85,60,58,85,60,92,440
560,狼烟之魂,草 火,,100,75,72,120,77,110,554
561,古筝,电,,60,52,53,60,58,51,334
562,灵舞,电,,72,65,65,80,80,66,428
563,仙音,电,,89,78,76,105,95,75,518
564,笔童,土,,45,51,48,42,42,45,273
565,笔仙,土,,60,70,68,52,53,66,369
566,笔圣,土,,80,95,88,72,71,80,486
567,财多多,石,,45,58,52,60,57,60,332
568,金豆豆,石,,58,80,65,83,75,81,442
569,金宝宝,石,,75,95,82,98,88,90,528
570,,,,,,,,,,0
571,喷火猿,火,,110,106,125,120,135,102,698
572,海豚帅帅,水,,100,95,65,95,75,88,518
573,绅士鸡,火,,90,121,80,112,78,88,569
574,红毛小Q,普,,95,100,80,100,75,80,530
575,小灵桃,草,,60,65,58,65,70,59,377
576,灵桃子,草,,80,75,68,90,100,70,483
577,幽影蛇,恶 毒,,44,54,35,31,33,55,252
578,双生蛇,恶 毒,,64,73,57,54,53,78,379
579,双子响尾蛇,恶 毒,,85,95,78,77,75,96,506
580,神圣人鱼,水,(♀),88,89,103,108,97,82,567
581,人鱼守护者,水,(♀),100,99,112,118,109,98,636
582,煤球憨憨,石,大地,49,67,55,44,38,45,298
583,害羞煤球,石,大地,68,85,73,67,58,68,419
584,蓝衣夜灵,石,大地,88,108,96,85,80,89,546
585,毛懒懒,恶,,70,60,55,58,52,80,375
586,喷气兽,恶,,90,78,75,77,70,110,500
587,瓦斯叮当,恶,,110,89,85,88,85,140,597
588,蓝色多哥,水,精灵,35,55,45,62,55,111,363
589,帽檐多哥,水,精灵,68,72,68,85,78,113,484
590,精灵多哥,水 幽,精灵,80,90,85,105,98,115,573
591,幽暗蟹,恶,,50,52,56,37,43,38,276
592,泡沫蟹,恶,,68,71,76,57,62,61,395
593,串鱼巨蟹,恶,,88,92,98,78,82,82,520
594,蓬蓬幼苗,草,植物,55,46,51,51,43,38,284
595,蓬蓬树,草,植物,75,68,72,70,62,61,408
596,参天蓬蓬,草,植物,95,88,90,92,83,82,530
597,过桥米线,草,,45,43,38,60,39,60,285
598,青花米线,草,,64,62,57,83,58,82,406
599,大厨米线,草,,83,82,76,103,74,95,513
600,小萝卜头,草,植物,48,40,41,50,45,38,262
601,萝卜果果,草,植物,68,61,62,70,66,56,383
602,萝卜老翁,草,植物,90,85,88,90,81,76,510
603,番茄小弟,草,植物,57,48,53,53,45,40,296
604,犄角番茄,草,植物,77,70,74,72,64,63,420
605,暴躁番茄,草,植物,97,90,92,94,85,84,542
606,火刺眼蜥蜴,石,,60,60,60,60,60,60,360
607,丛林绿蜥蜴,石,,80,80,80,80,80,80,480
608,石化刺蜥蜴,石,守护,100,100,100,100,100,100,600
609,火尾瓦特,火,,41,40,46,58,51,41,277
610,火尾战士,火,,60,57,68,79,72,62,398
611,烈火守护,火,,82,80,86,98,91,85,522
612,可爱趴趴,萌,,46,54,43,51,52,41,287
613,马虎趴趴,萌,,65,71,61,72,71,61,401
614,莽撞趴趴,萌,,85,88,82,90,92,84,521
615,伏地兽,土,,53,48,56,44,50,41,292
616,食蚁兽,土,,75,65,72,60,69,62,403
617,弯嘴兽,土,,98,82,91,80,85,81,517
618,冰虎宝宝,冰,(♂),55,78,56,67,49,48,353
619,冰晶幼虎,冰,(♂),73,95,77,86,69,69,469
620,冰晶古齿虎,冰,(♂),92,115,95,105,87,88,582
621,米希,水 械,,66,64,44,41,37,50,302
622,米米希,水 械,,83,83,67,63,58,72,426
623,机械米希,水 械,,102,105,88,81,78,89,543
624,小T恤,萌,,46,52,48,62,41,58,307
625,魔力T恤,萌,,64,70,67,87,61,78,427
626,T恤超人,萌 翼,,85,92,88,118,82,105,570
627,脆鸣鸟,羽,,44,48,49,51,50,43,285
628,唤醒鸟,羽,,64,67,68,70,72,63,404
629,警卫鸟,羽,,84,81,80,92,90,93,520
630,阿布,普,(♂),82,75,70,62,68,75,432
631,鼓上骚,土,,60,59,42,43,40,66,310
632,贼鼠胖子,土,,82,78,61,65,62,91,439
633,肚兜面罩鼠,土,,103,98,80,88,85,110,564
634,浣熊球,武,,65,80,54,49,46,47,341
635,醉酒浣熊,武,,87,100,74,67,65,64,457
636,浣熊忍者,武,,110,120,95,90,85,82,582
637,赤足蚁,虫,,39,47,44,46,40,34,250
638,武斗蚁兵,虫,,57,68,68,63,58,57,371
639,长须蚁将,虫,,82,91,85,80,78,75,491
640,可可叮,萌,,51,41,32,64,45,74,307
641,玫瑰可叮,萌,,72,61,52,85,70,98,438
642,魅惑可叮,萌,,90,82,75,108,88,115,558
643,松土艾斯,虫 土,,53,39,47,48,48,19,254
644,艾斯小酷,虫 土,,74,57,67,70,73,43,384
645,科技艾斯,虫 土,,95,80,88,88,92,68,511
646,小田田,水,(♀),88,60,57,55,54,52,366
647,海螺姑娘,水,(♀),106,80,78,78,74,65,481
648,卡洛儿,水,(♀),123,100,98,95,90,75,581
649,小糯米侠,草,植物,39,40,43,55,47,65,289
650,糯米甜甜,草,植物,58,60,62,77,66,88,411
651,糯米头领,草,植物,80,81,85,98,88,106,538
652,甜筒丁丁,冰,,50,45,51,50,48,48,292
653,樱桃丁丁,冰,,70,65,73,70,66,68,412
654,双球丁丁,冰,,90,85,92,90,85,83,525
655,大耳帽兜,冰,精灵(♀),68,38,54,68,38,57,323
656,帽兜娃娃,冰,精灵(♀),98,58,75,95,58,78,462
657,雪影娃娃,冰,精灵(♀),120,75,98,120,77,100,590
658,寒冰皇,冰,(♂),46,83,44,85,45,81,384
659,冰皇长老,冰,(♂),65,105,65,109,63,104,511
660,冰翼邪神,冰,(♂),85,130,88,140,88,120,651
661,邪恶纺锤,恶,不死,48,42,48,55,75,56,324
662,吸血纺锤,恶,不死,70,66,67,76,95,75,449
663,昏睡纺锤,恶,不死,90,86,88,98,120,98,580
664,魔法水壶怪,水,,48,51,44,61,45,47,296
665,魔法水龙头,水,,69,71,65,80,65,66,416
666,大肚水阀怪,水,,89,92,87,102,88,88,546
667,贝瑟,土,,50,52,66,47,70,44,329
668,贝加尔,土,,70,71,89,68,91,64,453
669,贝古斯,土,,90,90,110,88,110,85,573
670,电动长颈鹿,电,,51,47,43,58,54,41,294
671,奔乐鹿,电,,72,64,61,77,73,60,407
672,爵士鹿,电,,90,85,82,98,92,80,527
673,豹子头,普,,44,41,43,44,41,55,268
674,紫斑豹,普,,62,64,64,61,62,78,391
675,太阳神豹,普,,80,93,95,84,90,95,537
676,冰晶狼崽,冰,,39,55,50,40,39,72,295
677,冰酷狼,冰,,58,77,69,60,58,93,415
678,雪原狼王,冰,,75,98,88,81,78,115,535
679,闪电鸵鸟,翼,,43,62,58,40,58,65,326
680,鸵鸟小w,翼,,63,80,76,59,78,82,438
681,神行鸵鸟,翼,,85,97,96,82,95,100,555
682,绿洲猛犸象,草,,61,41,59,44,44,52,301
683,獠牙猛犸象,草,,80,64,76,65,63,73,421
684,流星猛犸象,草,,100,84,94,82,86,96,542
685,华贵天鹅,水 翼,,51,42,38,68,45,44,288
686,蓝珠天鹅,水 翼,,72,60,59,108,65,65,429
687,翠顶天鹅,水 翼,,90,81,78,130,88,85,552
688,可爱猿,火,,48,54,53,55,50,54,314
689,炽热猿,火,,70,71,71,72,67,75,426
690,火焰猿,火,,93,93,88,93,88,97,552
691,皮球孔雀,翼,,41,45,49,42,51,62,290
692,开屏孔雀,翼,,64,67,68,60,71,80,410
693,彩羽,翼,,85,84,88,80,88,100,525
694,胆小狮子,萌,,50,60,48,46,48,48,300
695,玩具狮子,萌,,73,82,66,69,65,69,424
696,绒毛狮子,萌,,93,99,87,88,85,90,542
697,迷之石,石,(♂),59,101,101,30,34,28,353
698,巨石守卫,石,(♂),78,122,122,51,53,50,476
699,巨石之父,石,(♂),100,140,140,70,75,70,595
700,向日葵,草,植物,63,39,36,45,37,42,262
701,棒棒花,草,植物,81,58,58,66,59,60,382
702,绿衣小葵,草,植物,105,80,78,85,78,82,508
703,加灵,普,,56,55,58,50,49,52,320
704,加益,普,,75,73,77,70,68,72,435
705,加尔,普,,98,104,108,94,89,92,585
706,机械方方,械,,54,75,75,46,45,36,331
707,多彩方方,械,,76,97,96,64,63,59,455
708,立方人,械,,98,115,118,81,80,80,572
709,红爪精灵,恶 萌,,41,45,44,65,51,72,318
710,魔爪帕帕,恶 萌,,62,63,64,85,72,95,441
711,魔爪圣灵,恶 萌,,82,80,81,102,114,91,550
712,人鱼闹闹,水,,57,48,46,45,51,42,289
713,人鱼勇士,水,,77,65,68,68,70,65,413
714,人鱼守护,水,,95,82,86,91,93,88,535
715,可爱柳,草,,56,49,44,51,56,26,282
716,黄鹂柳,草,,78,68,64,73,74,48,405
717,花迷,草,,95,88,85,95,92,68,523
718,符咒鲨,水,,49,50,58,53,36,47,293
719,蓝蝶鲨,水,,67,70,76,64,72,59,408
720,彩蝶鲨,水,,89,92,98,92,82,85,538
721,蓝朵,水,,54,58,43,51,50,47,303
722,蓝朵朵,水,,71,76,61,68,68,66,410
723,蓝涛涛,水,,92,93,82,90,91,86,534
724,雨天娃娃,虫,,49,44,39,41,40,65,278
725,彩虹宝宝,虫,,70,64,58,61,61,86,400
726,彩翼虫,虫,,90,83,79,80,82,105,519
727,幽冥狐,幽 翼,,40,30,40,71,38,55,274
728,魅惑狐仙,幽 翼,,62,52,61,102,57,78,412
729,丹凤蓝狐,幽 翼,,82,75,80,130,78,100,545
730,红桃小丁,毒,,42,40,31,43,48,31,235
731,红桃小丸子,毒,,62,64,53,67,65,53,364
732,变异小丁,毒,,80,82,75,90,85,78,490
733,锡拉,水,(♀),82,45,35,66,48,57,333
734,贝锡拉,水,(♀),99,63,53,87,71,75,448
735,金发锡拉,水,(♀),120,80,72,105,92,98,567
736,呆目水母,水,,43,45,52,51,52,36,279
737,控魂水母,水,,66,68,71,70,69,55,399
738,暗触水母,水,,85,86,88,90,92,72,513
739,包小嘟,普,,40,58,34,34,44,32,242
740,粉粉包,普,,62,75,58,53,62,55,365
741,包乐乐,普,,85,95,82,78,80,80,500
742,米粒蔡,普,任务,,,,,,,0
743,饭碗蔡,普,任务,,,,,,,0
744,饭桶蔡,普,任务,82,88,92,90,81,91,524
745,小甲壳虫,土,,50,42,47,51,53,45,288
746,犄角甲虫,土,,71,60,70,69,71,62,403
747,圣甲虫,土 恶,,88,79,89,92,89,82,519
748,呆小路,草,,53,56,46,54,58,55,322
749,舞动路路,草,,72,79,63,75,76,75,440
750,白发路路,草,,92,102,80,98,95,92,559
751,智慧虫,恶,,49,59,55,43,51,51,308
752,吞食博士,恶 翼,,68,76,73,66,72,74,429
753,毁灭笔记,恶 翼,,88,98,92,87,92,95,552
754,火山岩,火 石,,48,47,42,55,54,46,292
755,熔岩之睛,火 石,,68,65,63,78,73,66,413
756,暴怒熔岩,火 石,,86,83,86,99,95,84,533
757,小倒栽葱,恶,,66,42,56,45,50,38,297
758,倒栽葱,恶,,83,64,75,63,72,60,417
759,大尾倒行兽,恶,,105,82,96,82,90,78,533
760,酱油鱼,水,,47,35,35,59,55,49,280
761,菜刀鱼,水,,68,55,57,78,74,67,399
762,长戟比目,水,,90,78,75,99,92,86,520
763,尖头皮靴,恶,,44,45,32,44,35,68,268
764,精灵皮靴,恶,,64,63,49,63,58,91,388
765,疯狂皮靴,恶,,86,85,72,80,78,110,511
766,快乐吉他,电,,60,41,42,78,56,52,329
767,舞动吉他,电,,79,59,63,100,76,71,448
768,欢悦吉他,电,,100,80,86,140,95,88,589
769,绿衣球,草,,58,60,48,43,36,40,285
770,肥草球,草,,79,78,65,62,59,61,404
771,藤蔓兽,草,,100,96,82,81,81,80,520
772,鬼火骷髅,幽 火,(♂),79,42,48,47,49,80,345
773,蓝焰骷髅,幽 火,(♂),102,61,65,65,69,99,461
774,骷髅法师,幽 火,(♂),120,78,85,82,88,120,573
775,雪天娃娃,冰,,50,46,42,73,53,64,328
776,雪天游侠,冰,,68,66,60,95,73,83,445
777,雪梦人,冰,,90,88,82,115,92,103,570
778,小水水,水,(♀),56,63,55,55,53,58,340
779,水裙兽,水,(♀),75,80,74,74,72,78,453
780,水灵兽,水,(♀),95,105,93,98,89,96,576
781,松果兽,草,,41,50,54,44,52,54,295
782,松果多多,草,,67,70,80,65,76,72,430
783,飞弹果果,草,,88,90,98,84,89,92,541
784,糖果虫,虫,,46,45,51,53,54,59,308
785,西瓜糖果,虫,,69,68,72,70,71,78,428
786,糖果甜甜,虫,,92,88,94,92,88,99,553
787,三火兽,火,,53,41,44,55,49,42,284
788,熔火兽,火,,70,62,62,75,70,65,404
789,烈火狂兽,火,,92,80,85,92,91,88,528
790,帕帕,土,,55,66,58,62,51,62,354
791,帕斯,土,,75,88,67,82,70,78,460
792,帕恩,土,,98,112,92,99,98,102,601
793,粉羊羊,萌,,50,43,35,51,47,46,272
794,守护羊,萌,,70,65,58,71,66,65,395
795,圣殿守护羊,萌,,88,83,80,92,88,82,513
796,武豆豆,武,,74,77,64,40,35,52,342
797,格斗豆,武,,91,98,84,61,58,72,464
798,拳皇,武,,112,115,101,78,75,92,573
799,冰龙宝宝,冰,,65,54,47,91,68,55,380
800,冰龙勇士,冰,,84,77,68,109,90,74,502
801,狂战冰龙,冰 龙,,103,96,90,131,109,93,622
802,冰龙王,冰 龙,,120,115,108,150,131,113,737
803,小紫狐,毒,,55,44,57,65,72,49,342
804,紫灵狐,毒,,76,64,76,84,93,72,465
805,紫冥狐,毒,,93,86,96,105,112,90,582
806,暗夜幼龙,龙,,60,65,60,60,60,65,370
807,暗夜暴龙,龙,,80,85,85,83,81,80,494
808,永夜战龙,龙,,98,118,95,98,93,100,602
809,耳机狗,普,,44,42,41,46,45,45,263
810,狂歌狗娃,普,,65,64,62,68,63,63,385
811,汉堡娃娃,火,,51,65,44,47,42,44,293
812,洋葱堡堡,火,,68,86,67,66,60,63,410
813,巨无霸,火,,90,105,90,88,81,82,536
814,凡雀,羽,,56,49,42,73,52,65,337
815,紫翎鹰,羽,,74,67,64,91,74,87,457
816,凡鹰,羽,,92,88,86,108,93,110,577
817,火龙果果,草,,56,51,59,55,58,52,331
818,时尚果娃,草,,76,71,80,80,76,74,457
819,火龙大亨,草,,96,92,112,113,92,94,599
820,小幽灵脸,幽,,53,40,43,50,53,59,298
821,幽灵脸,幽,,71,60,61,72,70,76,410
822,幽灵之眼,幽,,88,83,80,95,90,96,532
823,八爪蜘蛛,虫,,44,46,51,52,48,58,299
824,冰晶蜘蛛,虫,,64,68,72,70,69,77,420
825,碎玉蜘蛛,虫,,87,88,90,88,91,96,540
826,海马叮叮,水,,48,58,52,51,53,55,317
827,梦幻海马,水,,68,80,71,72,73,75,439
828,圣光海马,水,,88,108,92,92,103,95,578
829,紫蝶虫,翼,(♀),72,45,47,63,46,56,329
830,乖乖蝶,翼,(♀),92,66,65,81,69,74,447
831,小蝶仙,翼,(♀),109,88,82,101,92,95,567
832,小幽幽,幽,(♀),55,52,53,58,57,56,331
833,幽游小白,幽,(♀),78,73,75,79,77,76,458
834,幽游娃娃,幽,(♀),98,103,105,108,106,96,616
835,草叶龙,草,,53,44,41,53,48,50,289
836,三叶草龙,草,,71,65,63,71,68,72,410
837,花叶龙,草 龙,,92,85,83,90,88,92,530
838,空明糖,幽,,46,52,50,44,47,48,287
839,空灵糖,幽,,66,70,71,64,66,68,405
840,空灵甜甜,幽,,86,90,92,85,87,88,528
841,幽冥胆小鬼,幽,(♂),48,53,55,56,52,52,316
842,懦弱幽灵仔,幽,(♂),68,76,74,78,72,65,433
843,胆怯幽灵,幽,(♂),88,95,92,96,89,85,545
844,毒蛙,毒 水,,47,52,42,47,39,60,287
845,剧毒蛙,毒 水,,70,72,61,69,62,79,413
846,剧毒蛙王,毒 水,,87,89,82,90,85,99,532
847,蒜头熊,土,,45,50,56,43,50,43,287
848,蒜头熊胖子,土,,68,73,77,61,67,62,408
849,蒜头熊族长,土,,88,92,95,82,90,80,527
850,响铃猫,武,,48,76,65,48,45,57,339
851,武斗猫,武,,71,93,84,67,63,74,452
852,魔尾战猫,武,,90,112,101,88,81,95,567
853,米亚,水,,47,60,38,66,46,86,343
854,盖米亚,水,,67,77,60,88,63,107,462
855,帝米亚,水,,88,95,82,108,85,130,588
856,破梦者,幽,,48,58,56,47,38,45,292
857,碎梦者,幽,,79,91,87,78,70,72,477
858,食梦者,幽,,108,118,115,111,103,100,655
859,飞刀小木,土,,45,51,54,50,50,52,302
860,飞斧大木,土,,65,73,72,71,68,70,419
861,骨族巫师,土,,59,58,56,52,49,49,323
862,骨族祭司,土,,82,78,73,71,68,70,442
863,石族战士,土,,58,60,57,53,55,57,340
864,石族勇士,土,,81,83,78,76,73,75,466
865,图腾飞侠,土,大地,42,53,69,39,61,45,309
866,图腾术士,土,大地,75,82,100,69,90,76,492
867,图灵,土,大地,105,112,128,100,120,103,668
868,金羚雀,羽,,41,48,47,52,50,49,287
869,蓝幽雀,羽,,62,67,66,71,71,68,405
870,呆羽雀,羽,,83,85,86,90,92,88,524
871,多灵,幽,,59,64,43,63,54,40,323
872,幽暗多灵,幽,,78,87,65,80,75,53,438
873,双翼多灵,幽 恶,,97,104,83,111,97,70,562
874,多灵主,幽 恶,,115,125,105,130,115,90,680
875,小灵灵,幽,,49,58,50,52,53,52,314
876,彩乐乐,萌,,52,46,49,55,50,48,300
877,雷萌,萌,,80,78,77,75,76,76,462
878,绿翼鸟,萌 羽,,64,70,65,65,64,72,400
879,魔翼鸟,萌 羽,,85,89,86,88,84,92,524
880,小萌猪,萌,,74,64,67,58,70,58,391
881,工程猪,萌,,92,83,90,81,88,78,512
882,巨锤,萌 械,,63,71,61,61,65,61,382
883,狂锤,萌 械,,85,92,83,79,82,81,502
884,红缨狐,萌,,67,72,77,71,74,68,429
885,萌宝宝,萌,,60,71,45,90,63,52,381
886,萌哥,萌,,83,91,65,111,83,73,506
887,萌之勇者,萌,,100,111,84,134,100,90,619
888,萌之王者,萌,,120,130,105,151,120,111,737
889,岩铠小将,土,(♂),53,62,78,54,67,46,360
890,岩铠斗士,土,(♂),72,79,98,74,90,66,479
891,岩铠领主,土,(♂),90,98,120,92,112,88,600
892,幽蝠宝宝,幽,(♂),72,58,53,48,55,62,348
893,幽蝠小子,幽,(♂),91,81,75,69,70,85,471
894,幽蝠王子,幽,(♂),108,98,92,90,98,103,589
895,玲珑猫,普,,47,52,48,45,46,38,276
896,妙尾猫,普,,69,69,69,66,67,61,401
897,幻灵猫,普,,88,92,86,85,87,83,521
898,可爱蜂,虫,,52,43,49,42,41,43,270
899,提桶蜜蜂,虫,,72,66,68,63,63,60,392
900,勤劳蜜蜂,虫,,92,88,87,85,80,81,513
901,深蓝,水,,60,82,87,49,41,37,356
902,深蓝鲸,水,,79,101,107,72,63,60,482
903,深海霸主,水,,120,130,80,82,96,92,600
904,水仙豆豆,草,,58,52,51,49,50,60,320
905,小水仙花,草,,78,72,71,70,72,80,443
906,水仙花,草,,98,92,93,88,98,101,570
907,飞炮猴,火,,50,50,38,46,42,39,265
908,欢乐炮猴,火,,68,71,59,65,60,57,380
909,疯狂大炮猴,火,,90,92,80,82,80,78,502
910,蛋小乐,萌,,68,47,54,37,48,42,296
911,蛋小甜,萌,,85,70,72,57,65,65,414
912,蛋锤锤,萌,,106,89,92,78,86,82,533
913,丑小鸭,羽,,48,55,48,46,50,52,299
914,小呆鸭,羽,,68,73,68,66,69,69,413
915,美鹅鹅,羽,,88,93,90,88,90,89,538
916,螳螂宝宝,虫,,52,55,50,49,55,53,314
917,红玉螳螂,虫,,72,74,71,68,73,77,435
918,金翼螳螂,虫,,96,93,92,89,91,105,566
919,齿轮小子,械,(♂),68,56,74,50,51,40,339
920,机甲小子,械,(♂),87,76,96,70,73,62,464
921,钻头先生,械,(♂),110,95,118,90,92,82,587
922,减肥猫,武,(♂),51,58,49,37,47,52,294
923,肌肉猫,武,(♂),72,79,67,58,65,70,411
924,暴力战猫,武,(♂),95,101,87,81,83,92,539
925,摩羯宝宝,水,,49,47,45,57,44,34,276
926,羊角摩羯,水,,70,64,63,80,67,57,401
927,邪灵摩羯,水,,92,82,80,98,90,77,519
928,白羊宝宝,土,,51,46,41,40,48,37,263
929,卷发白羊,土,,69,63,60,61,66,59,378
930,金绒白羊,土,,92,80,83,82,85,78,500
931,双鱼宝宝,水,,48,54,39,63,51,54,309
932,漩涡双鱼,水,,71,72,61,81,72,74,431
933,混乱双鱼,水,,92,88,86,92,90,97,545
934,水瓶宝宝,水,,48,54,39,63,51,54,309
935,魔力水瓶,水,,71,72,61,81,72,74,431
936,逍遥水瓶,水,,88,90,84,98,95,92,547
937,巨蟹宝宝,水,,55,59,55,50,49,44,312
938,巨蟹战士,水,,77,77,73,71,71,67,436
939,利钳巨蟹,水,,98,95,90,89,90,88,550
940,天蝎宝宝,毒,,49,46,38,50,45,45,273
941,刺尾天蝎,毒,,70,69,60,68,68,62,397
942,天蝎守护,毒,,90,92,80,88,86,85,521
943,天秤宝宝,械,,46,50,52,48,43,49,288
944,正义天秤,械,,66,72,75,68,65,68,414
945,威严天秤,械,,86,95,99,88,89,86,543
946,射手宝宝,翼,,40,56,39,41,48,61,285
947,射手酷儿,翼,,59,76,59,64,67,84,409
948,长弓射手,翼,,82,98,80,85,84,105,534
949,红莲宝宝,火,(♂),56,55,53,59,52,58,333
950,红莲小子,火,(♂),74,75,77,79,71,76,452
951,红莲兽,火,(♂),94,91,86,108,106,93,578
952,小黑猫,恶,,,,,,,,0
953,黑猫法师,恶,,90,88,87,98,91,95,549
954,黑猫巫师,恶,,90,88,87,98,91,95,549
955,处女宝宝,萌,(♀),45,42,55,46,50,42,280
956,竖琴乐女,萌,(♀),70,75,72,70,75,71,433
957,乐动精灵,萌,(♀),96,93,95,90,96,90,560
958,红顶刺龙,龙,,52,48,46,48,43,42,279
959,阿帕苏,土,,56,55,58,59,59,52,339
960,阿帕奇,土,,86,85,88,89,89,82,519
961,音乐球球,电,(♂),42,38,36,44,41,46,247
962,耳机小子,电,(♂),62,59,58,68,69,66,382
963,动感小子,电,(♂),82,80,78,88,92,85,505
964,先锋王子,普,,62,57,58,52,52,62,343
965,先锋领主,普,,92,84,87,84,82,91,520
966,先锋君主,普,,120,113,118,116,112,124,703
967,鱼龙宝宝,水 龙,,60,54,40,52,46,47,299
968,未成年鱼龙,水 龙,,83,72,60,74,64,70,423
969,鱼龙,水 龙,,103,91,81,97,81,92,545
970,金牛宝宝,武,,65,51,48,46,50,36,296
971,蓝顶金牛,武,,82,70,70,67,70,56,415
972,狂野金牛,武,,99,89,90,90,92,76,536
973,双子宝宝,萌,,40,45,36,43,40,45,249
974,眩晕双子,萌,,61,66,59,60,57,68,371
975,欢乐双子,萌,,80,85,81,83,80,87,496
976,狮子宝宝,武,,43,60,52,48,49,48,300
977,小蓝狮,武,,72,82,72,65,65,70,426
978,森巴,武,,90,102,91,85,84,91,543
979,章鱼小丸子,水,,51,51,55,46,43,36,282
980,章鱼嘟嘟,水,,73,71,74,69,60,58,405
981,章鱼烧,水,,93,88,91,92,83,78,525
982,红发幺儿,萌,(♀),53,51,50,69,65,48,336
983,粉粉仙,萌,(♀),76,72,70,92,82,70,462
984,小天使安琪,萌,(♀),99,92,88,115,102,88,584
985,布袋宝宝,火,,57,47,47,55,39,51,296
986,布袋兽,火,,74,67,65,74,59,71,410
987,长毛布袋兽,火,,92,88,85,92,78,89,524
988,彩蛋豆豆,土,,63,60,57,56,56,68,360
989,彩蛋胖胖,土,,82,80,78,77,76,85,478
990,萌少,萌,(♂),45,40,49,66,62,43,305
991,独角萌少,萌,(♂),74,71,78,99,92,72,486
992,炫酷萌少,萌,(♂),105,101,108,130,122,101,667
993,萌多,萌,,78,89,77,90,82,85,501
994,萌翼小狮,羽,,60,56,31,46,47,30,270
995,棕绒小狮,羽,,92,87,63,76,76,61,455
996,银翼狮王,羽,,120,118,95,105,106,93,637
997,乐善宝宝,,,58,59,62,51,60,53,343
998,乐善天使,,,78,79,82,71,80,73,463
999,超能阿布,龙,(♂),118,130,108,125,100,100,681
1000,执着灵兽,,,60,58,55,61,63,68,365
1001,格斗鸡仔,萌 武,,49,56,65,35,35,37,277
1002,功夫鸡仔,萌 武,,77,87,97,66,67,69,463
1003,暴力鸡仔,萌 武,,105,118,124,95,98,98,638
1004,玉米宝宝,草,,40,40,45,50,45,45,265
1005,米豆,草,,58,61,68,70,67,66,390
1006,米花,草,,78,77,87,90,85,81,498
1007,钻地小子,电,,50,52,45,58,48,55,308
1008,闪电小子,电,,70,72,65,78,68,75,428
1009,魔能小子,电,,90,92,85,98,88,95,548
1010,冰箱浣熊,械 火,,45,41,50,40,43,40,259
1011,冰箱兔子,械 火,,85,61,70,60,63,60,399
1012,冰箱狮子,械 火,,85,81,90,80,83,80,499
1013,冰石龙,龙,,55,47,51,60,52,57,322
1014,冰酷龙,龙,,76,70,68,77,75,80,446
1015,紫幽龙,龙,,67,72,37,52,45,36,309
1016,紫冥龙,龙,,87,93,60,70,68,58,436
1017,紫霸龙,龙,,105,112,83,90,88,80,558
1018,巴鲁,羽,,65,60,44,58,51,39,317
1019,巴特,羽,,84,81,67,76,73,61,442
1020,巴特斯,羽,,102,102,89,95,90,82,560
1021,蓝胖子,幽,,40,48,42,45,55,45,275
1022,治愈火娃,火,,42,43,40,48,47,44,264
1023,圣光火娃,火,,63,63,66,72,72,64,400
1024,火先锋,火,(♂),61,59,56,72,58,46,352
1025,火恐兽,火,(♂),83,77,75,92,75,69,471
1026,怒火兽,火,(♂),105,98,95,112,98,90,598
1027,石旋风,石,,50,52,58,40,52,40,292
1028,顽石旋风,石,,60,76,80,60,72,60,408
1029,巨石旋风,石,,85,106,109,82,103,82,567
1030,小鸭吉吉,羽,(♂),59,80,56,72,58,51,376
1031,呆鸭吉吉,羽,(♂),82,101,73,91,78,75,500
1032,鸭吉吉,羽,(♂),105,121,92,110,98,92,618
1033,闪电环,电,,53,66,55,57,55,68,354
1034,悲伤电环,电,,73,83,75,77,72,85,465
1035,痛苦电环,电,,95,100,93,100,92,102,582
1036,小雪燕,羽,,53,66,55,57,55,58,344
1037,艾美丽,普,(♂),42,58,60,51,50,55,316
1038,嘟嘟猪,羽,,44,37,56,36,50,49,272
1039,小飞猪,羽,,71,62,82,66,57,79,417
1040,猪蜻蜓,羽,,100,90,112,91,102,105,600
1041,艾灵蛇,毒,,59,46,46,78,53,53,335
1042,艾不坏,毒,,82,72,73,107,80,79,493
1043,艾不败,毒,,110,100,99,130,105,102,646
1044,艾小毛,虫,,62,49,49,53,46,38,297
1045,艾小虫,虫,,83,74,73,73,70,63,436
1046,艾小蝶,虫,,109,98,96,98,96,85,582
1047,艾雯,萌,,65,62,60,65,58,58,368
1048,艾酥酥,萌,,95,92,90,95,88,88,548
1049,星乐,普,,66,60,45,45,40,38,294
1050,星翼,普,,90,85,69,67,65,61,437
1051,星美,普,,115,108,90,92,90,85,580
1052,赤炎龙宝宝,龙 火,,68,49,58,39,44,35,293
1053,赤炎战龙,龙 火,,98,75,84,67,68,65,457
1054,赤炎耀甲,龙 火,,120,105,108,94,95,92,614
1055,粉粉球,幽,,44,47,42,47,43,48,271
1056,法力浮球,幽,,64,67,62,67,63,68,391
1057,蹦蹦鼠,土,,52,58,59,51,52,55,327
1058,金肩兽,恶魔,,55,53,52,59,58,57,334
1059,蛇豆豆,毒,,48,49,52,50,55,55,309
1060,金冠冥蛇,毒,,68,69,72,70,75,75,429
1061,紫毛幼狮,武,,48,49,55,48,54,52,306
1062,傲慢小狮,武,,78,79,85,78,84,82,486
1063,金爪狂狮,武,,98,99,105,98,104,102,606
1064,木酱,土,,58,51,58,57,55,62,341
1065,霹雳宝宝,电,,36,35,36,69,48,37,261
1066,雷鸣王,电,,69,69,68,99,77,66,448
1067,雷神之子,电,,102,98,97,133,108,98,636
1068,米陶陶,武,,70,48,60,38,60,38,314
1069,米陶牛,武,,100,78,90,68,90,68,494
1070,米陶诺斯,武,,130,108,120,98,120,98,674
1071,口袋鼠,土,,58,51,57,60,60,55,341
1072,奔波鼠,土,,88,81,87,90,90,85,521
1073,流浪鼠,土,,108,91,97,110,110,105,621
1074,火舞龙,龙 火,,50,45,45,80,48,50,318
1075,火飞龙,龙 火,,80,75,75,110,78,80,498
1076,赤炎飞龙,龙 火,,110,105,105,140,108,110,678
1077,霜刃豹,冰,,55,48,44,43,47,56,293
1078,罗普尔,草,,55,48,50,42,44,48,287
1079,罗普斯,草,,75,68,70,62,64,68,407
1080,火苗虎,火,,48,52,50,48,44,48,290
1081,烈焰虎,火,,68,72,70,68,64,68,410
1082,霸金虎,火,,88,92,90,88,84,88,530
1083,拉克娜,翼,,65,70,62,58,57,60,372
1084,拉克丝,翼,,85,90,82,78,77,80,492
1085,裘洛,毒,,51,55,53,51,47,51,308
1086,裘力,毒,,71,75,73,67,71,71,428
1087,裘卡,毒,,91,95,93,91,87,91,548
1088,大头骨龙,龙,,75,80,55,58,50,52,370
1089,石像骨龙,龙,,95,100,75,78,70,72,490
1090,寂灭骨龙,龙,,115,120,95,98,90,92,610
1091,铜星人,械,,67,69,67,65,64,69,401
1092,星闪人,械,,86,87,89,87,81,89,519
1093,星耀帝,械,,106,110,108,106,102,106,638
1094,电话虫,土,,59,38,43,43,63,45,291
1095,电话兽,土,,77,61,65,65,82,62,412
1096,电话贝尔,土,,95,82,88,85,99,83,532
1097,逗逗猫,普,,49,48,52,49,48,52,298
1098,气球猫,普,,69,71,73,67,71,73,424
1099,梦想三三,普,,90,88,92,85,88,93,536
1100,飞比,械,,80,80,80,80,80,80,480
1101,恶灵豹,毒 恶,,42,74,40,48,40,68,312
1102,幽暗豹,毒 恶,,67,99,65,73,65,93,462
1103,飞天翼豹,毒 恶,,92,124,90,98,90,118,612
1104,梦想兽,龙,,68,58,50,55,48,58,337
1105,梦想龙,龙,,88,78,70,75,68,78,457
1106,梦想精灵,龙,,108,90,98,95,88,98,577
1107,黑炎宝宝,龙 恶,,69,49,42,79,43,54,336
1108,黑炎酷仔,龙 恶,,97,77,70,107,71,82,504
1109,黑炎,龙 恶,,125,105,98,135,99,110,672
1110,毁灭伯爵,械,,106,145,130,108,103,102,694
1111,圣光迪莫,光,,105,135,101,150,107,107,705
1112,骁勇骑士,龙 火,,58,63,60,59,57,53,350
1113,骁勇火焰,龙 火,,78,88,85,80,78,75,484
1114,炼丹炉宝宝,石,,45,49,52,48,45,50,289
1115,炼丹炉,石,,65,69,72,68,65,70,409
1116,炉神,石,,85,89,92,88,85,90,529
1117,红色闪电,械,,75,78,73,69,77,68,440
1118,霹雳游侠,械,,80,83,78,73,74,82,470
1119,深海幽灵,械 水,,90,93,88,83,84,92,530
1120,高空霸主,械 翼,,95,98,93,88,89,97,560
1121,萌小球,萌,,56,46,44,50,46,57,299
1122,冰萌酷少,萌,,79,72,67,73,69,80,440
1123,冰萌皇,萌,,102,95,90,96,92,103,578
1124,机械叮叮,械,,63,60,67,63,57,65,375
1125,动力叮叮,械,,88,85,92,88,82,90,525
1126,洛小钉,械,,64,49,74,42,59,44,332
1127,洛尔钉,械,,87,72,97,65,67,82,470
1128,怪钉洛萨,械,,110,95,120,88,105,90,608
1129,机械怪蛋,械,,55,62,58,65,58,55,353
1130,机械博士,械,,77,84,80,87,80,77,485
1131,锯轮,械,,67,73,58,64,60,66,388
1132,锯狂,械,,89,95,80,86,82,88,520
1133,小美狐,萌 毒,,41,49,43,68,48,63,312
1134,美美狐,萌 毒,,71,79,73,98,78,93,492
1135,美妖狐,萌 毒,,101,109,103,128,108,123,672
1136,丘比特,萌,,50,48,40,55,45,69,307
1137,乖乖丘比特,萌,,75,73,65,80,70,94,457
1138,超能丘比特,萌,,100,98,90,105,95,119,607
1139,暗毁灭伯爵,械,,108,147,132,110,105,104,706
1140, 奶嘴骑士,冰,,53,58,40,65,49,45,310
1141, 鸣哨骑士,冰,,85,88,70,95,79,75,492
1142, 督察骑士,冰,,115,118,100,125,109,105,672
1143,龅牙兔,萌,,66,68,70,62,60,65,391
1144,呆头鹅,萌,,69,71,73,65,63,68,409
1145,迕婷,萌,,52,50,51,54,51,48,306
1146,哭面猫,萌,,72,70,71,74,71,68,426
1147,乐面猫,萌,,92,90,91,94,91,88,546
1148,早早熊宝宝,萌,,62,60,58,56,61,65,362
1149,早早熊博士,萌,,82,80,78,76,81,85,482
1150,豆小牛,萌 武,,56,62,52,49,48,50,317
1151,豆牛,萌 武,,78,82,72,69,68,70,439
1152,豆豆牛,萌 武,,96,102,92,89,88,90,557
1153,小丹鸟,火 翼,,56,61,43,68,52,48,328
1154,灵火鸟,火 翼,,88,91,73,98,82,78,510
1155,菲尼克斯,火 翼,,118,121,103,128,112,108,690
1156,奥西里斯,恶,,72,75,73,71,70,80,441
1157,晶尾蝎,恶,,59,60,62,71,60,67,379
1158,蝎子王,恶,,78,80,82,91,80,87,498
1159,波波哈利,恶 毒,,59,61,60,60,58,78,376
1160,波格拉斯,恶 毒,,79,81,80,80,78,98,496
1161,小斯芬克斯,恶,,60,60,80,57,50,55,362
1162,斯芬克斯,恶,,80,80,100,77,80,75,492
1163,小熊祭司,恶 武,,60,80,61,80,66,90,437
1164,小熊族长,恶 武,,80,100,81,100,86,110,557
1165,法老王,恶 武,,100,120,101,120,106,130,677
1166,,,,,,,,,,0
1167,小酷比,,,,,,,,,0
1168,大耳酷比,,,,,,,,,0
1169,精灵酷比,,,,,,,,,0
1170,,,,,,,,,,0
1171,,,,,,,,,,0
1172,小图,恶,,53,50,49,58,50,52,312
1173,双子图腾,恶,,78,70,69,78,70,72,437
1174,图腾兽,恶,,98,90,89,98,90,92,557
1175,超级瓦斯,恶 火,,120,100,100,100,100,145,665
1176,小炎,土 火,,75,72,70,40,45,40,342
1177,大炎,土 火,,100,97,95,65,65,70,492
1178,赤炎守护,土 火,,125,122,120,90,90,95,642
1179,雨蝶,水,,65,75,68,85,73,70,436
1180,小风鹰,翼,,50,54,50,61,52,60,327
1181,风鹰,翼,,71,74,70,81,72,80,448
1182,小电豹,电,,51,71,58,52,55,65,352
1183,闪电猎豹,电,,71,91,78,72,75,85,472
1184,小雷虎,电,,60,45,47,63,61,51,327
1185,雷虎,电,,85,70,72,88,86,76,477
1186,雷霆虎王,电,,110,95,97,113,111,101,627
1187,小青龙,龙,,50,75,41,81,43,55,345
1188,青龙,龙,,80,105,71,111,73,85,525
1189,神圣青龙,龙,,110,135,101,141,103,115,705
1190,,,,,,,,,,0
1191,,,,,,,,,,0
1192,,,,,,,,,,0
1193,鳄鱼警官,武,,53,57,65,54,67,46,342
1194,鳄鱼警长,武,,78,82,90,79,92,71,492
1195,鳄鱼警督,武,,103,107,115,104,117,96,642
1196,人鱼贝贝,水,,67,45,63,56,78,50,359
1197,人面鱼,水,,92,70,88,81,103,75,509
1198,海洋之神,水,,117,95,113,106,128,100,659
1199,圣诞麋鹿王,土 冰,,100,105,95,105,91,85,581
1200,酷跑呱呱,普 萌,,70,70,70,70,70,70,420
1201,圣诞呱呱,普 萌,,90,90,90,90,90,90,540
1202,红帽鸭吉吉,翼,,45,46,48,50,58,52,299
1203,铃铛鸭吉吉,翼,,65,66,68,70,78,72,419
1204,圣诞鸭吉吉,翼,,85,86,88,90,98,92,539
1205,圣诞小企鹅,冰,,75,68,85,83,80,70,461
1206,圣诞企鹅,冰,,90,83,100,98,95,85,551
1207,圣诞老人,冰,,105,98,115,113,110,100,641
1208,圣诞梅花鹿,萌 冰,,80,91,95,90,85,85,526
1209,潜能妙妙,恶,,80,72,75,74,81,69,451
1210,,,,,,,,,,0
1211,,,,,,,,,,0
1212,,,,,,,,,,0
1213,紫蔓宝宝,草,,69,51,47,74,89,57,387
1214,紫蔓祭祀,草,,91,74,58,97,107,78,505
1215,紫蔓守护,草,,112,96,90,117,127,100,642
1216,灵蔓草王,草,,130,114,107,136,150,119,756
1217,金藤宝宝,草,,69,50,46,75,89,58,387
1218,金藤勇士,草,,91,73,67,98,107,79,515
1219,金腾狂战,草,,112,95,89,118,127,101,642
1220,圣藤草王,草,,130,113,106,137,150,120,756
1221,森林精灵,草,,84,76,81,45,43,60,389
1222,森林使者,草,,104,96,101,65,63,80,509
1223,树人守护,草,,124,116,121,85,83,100,629
1224,白宝宝,普,,45,48,47,43,41,44,268
1225,小小白,普,,65,68,67,63,61,64,388
1226,小白,普,,85,88,87,83,81,84,508
1227,红小兔,普,,46,49,48,44,42,45,274
1228,长耳兔,普,,66,69,68,64,62,65,394
1229,耳朵,普,,86,89,88,84,82,85,514
1230,小黑熊,土,,60,58,55,52,54,49,328
1231,黑熊,土,,80,78,75,72,74,69,448
1232,利爪黑熊,土,,100,98,95,92,94,89,568
1233,火精灵,火,,65,62,50,68,50,59,354
1234,麒麟,火,,85,82,70,88,70,79,474
1235,火麒麟,火,,105,102,90,108,90,99,594
1236,参果果,草,,55,58,60,59,48,51,331
1237,不死之参,草,,75,78,80,71,79,68,451
1238,莲依依,草 冰,,55,58,57,62,57,60,349
1239,千年雪莲,草 冰,,75,78,77,82,77,80,469
1240,小灵菇,幽 草,,45,48,50,49,47,51,290
1241,幽灵菇,幽 草,,65,68,70,69,67,71,410
1242,转世灵菇,幽 草,,85,88,90,89,87,91,530
1243,小芝灵,草 土,,55,56,58,51,52,57,329
1244,宝芝灵,草 土,,75,76,78,71,72,77,449
1245,万寿芝灵,草 土,,105,106,108,101,102,107,629
1246,新年飞比,械,,80,80,80,80,80,80,480
1247,,,,,,,,,,0
1248,,,,,,,,,,0
1249,,,,,,,,,,0
1250,晶灵,石 电,,58,59,57,59,54,56,343
1251,水晶守卫,石 电,,78,79,77,79,74,76,463
1252,水晶巨人,石 电,,108,109,107,109,104,106,643
1253,武空侠,石,,85,79,73,81,74,90,482
1254,猪小胖,石,,84,80,75,60,71,73,443
1255,无敌胖胖猪,石,,99,95,90,75,86,88,533
1256,沙小龟,水,,57,59,55,51,55,43,320
1257,沙暴神龟,水,,72,80,69,65,69,67,422
1258,鹦小僧,翼 电,,50,52,54,58,54,55,323
1259,鹦小佛,翼 电,,68,70,65,78,70,77,428
1260,鹦鹉佛,翼 电,,101,107,95,116,99,108,626
1261,云雾精灵,水 翼,,69,66,59,75,70,75,414
1262,云雾守护,水 翼,,89,86,79,95,90,95,534
1263,云雾仙子,水 翼,,109,106,99,115,110,115,654
1264,深渊魔灵,恶 幽,,56,59,54,62,57,57,345
1265,深渊恶魔,恶 幽,,79,79,74,82,77,77,468
1266,深渊黑迪斯,恶 幽,,116,107,104,117,100,100,644
1267,蓝之英魂,幽,,49,53,58,52,50,48,310
1268,英魂剑,幽,,67,74,68,72,66,73,420
1269,赤之英魂,幽,,58,55,49,45,57,46,310
1270,英魂斧,幽,,72,75,64,65,77,67,420
1271,,,,,,,,,,0
1272,,,,,,,,,,0
1273,岩浆英魂,土 幽,,55,57,52,59,53,51,327
1274,沉思岩灵,土 幽,,74,77,72,79,74,73,449
1275,英魂王座,土 幽,,104,107,103,110,103,103,630
1276,,,,,,,,,,0
1277,,,,,,,,,,0
1278,,,,,,,,,,0
1279,焰之英魂,火 幽,,48,58,56,53,50,46,311
1280,英魂弓,火 幽,,69,75,72,72,67,67,422
1281,彩笛精灵,火 幽,,61,55,47,56,52,48,319
1282,修罗紫阎,恶 幽,,59,66,59,74,58,60,376
1283,修罗侍卫,恶 幽,,79,90,79,107,92,80,527
1284,英魂修罗,恶 幽,,111,120,99,144,131,100,705
1285,星点哞哞,土,,48,53,45,55,45,53,299
1286,幽蓝星姬,水,,42,50,48,46,58,56,300
1287,,,,,,,,,,0
1288,,,,,,,,,,0
1289,,,,,,,,,,0
1290,粉星仔,普,,46,58,51,49,42,48,294
1291,粉耳星兔,普,,66,78,71,68,69,62,414
1292,紫袍小狸,萌,,43,54,46,58,48,52,301
1293,紫星寐狸,萌,,64,74,66,78,68,72,422
1294,嘟嘟熊仔,萌,,55,53,52,60,52,57,329
1295,彩虹星熊,萌,,75,73,72,80,72,77,449
1296,嘟星彩熊,萌,,105,103,102,110,102,107,629
1297,兜兜星,土,,50,58,52,51,49,55,315
1298,帽兜猪星,土,,70,78,72,75,71,69,435
1299,飞盘萝萝,萌,,44,49,44,57,51,50,295
1300,利齿小白,武 冰,,60,70,62,62,59,69,382
1301,破碎虎王,武 冰,,84,112,89,85,82,100,552
1302,战伐虎神,武 冰,,104,145,122,105,102,125,703
1303,星结豹,幽 恶,,57,75,61,76,66,88,423
1304,星熠兰鬓,幽 恶,,77,95,81,86,96,108,543
1305,金刚紫贝,幽 恶,,97,115,101,116,105,130,664
1306,破冰狼仔,冰,,46,79,44,82,45,71,367
1307,啸冰狼,冰,,65,99,65,90,102,63,484
1308,冰霜狼王,冰,,85,125,88,134,88,120,640
1309,墩墩,翼 恶,,47,48,44,61,58,50,308
1310,黑羽伯爵,翼 恶,,71,68,64,84,80,76,443
1311,嘟嘟小宝,武,,50,56,52,50,46,51,305
1312,懒仔嘟噜,武,,70,76,72,70,66,71,425
1313,嘟噜大王,武,,90,96,92,90,86,91,545
1314,小荷灵,草,,45,53,49,54,49,48,298
1315,荷叶紫灵,草,,65,73,69,74,69,68,418
1316,流水仙灵,水,,48,51,46,59,54,52,310
1317,惊涛水灵,水,,68,71,66,79,74,72,430
1318,穴居萌鼠,土 石,,58,53,50,62,57,59,339
1319,巨岩先知,土 石,,83,78,75,87,82,84,489
1320,绿灵仙子,草,,57,49,53,48,54,55,316
1321,翠灵智者,草,,77,79,73,78,74,75,456
1322,光芒使者,草,,97,85,99,86,100,92,559
1323,合格御守,萌,,48,49,45,58,55,54,309
1324,优秀御守,萌,,68,69,65,78,75,74,429
1325,满分御守,萌,,88,89,85,98,95,94,549
1326,拉卜卜,草,,57,54,50,55,50,59,325
1327,拉迪斯,草,,79,76,72,77,72,81,457
1328,铁项战灵,武,,60,70,55,52,55,70,362
1329,战地领主,武,,70,80,65,61,66,80,422
1330,狂躁者,武,,90,115,80,70,75,100,530
1331,蛋壳小子,石,,48,55,50,55,50,50,308
1332,蛋斧赤龙,石,,68,75,70,75,70,70,428
1333,棒棒酷熊,土,,56,60,57,55,58,52,338
1334,岩棒恶熊,土,,79,80,77,75,82,72,465
1335,昂歌者,火 翼,,59,68,60,70,72,69,398
1336,卯日辉者,火 翼,,81,88,79,96,85,90,519
1337,骄阳耀者,火 翼,,103,106,103,140,116,130,698
1338,,,,,,,,,,0
1339,,,,,,,,,,0
1340,,,,,,,,,,0
1341,月影精灵,水 翼,,55,55,45,65,50,90,360
1342,银钩侍者,水 翼,,75,75,65,85,70,110,480
1343,月夜行者,水 翼,,90,80,85,120,85,130,590
1344,幽蓝雪魅,冰,,135,80,112,140,98,112,677
1345,冰灵乐熊,冰,,60,80,84,72,75,70,441
1346,冰翼晶灵,冰,,142,101,78,119,80,97,617
1347,傲雪冰灵,冰,,147,109,89,130,91,105,671
1348,圣冠布鲁斯,冰,,108,112,99,108,84,90,601
1349,暮雪尾兽,冰,,100,88,92,131,92,99,602
1350,雪顶妖兽,冰,,112,95,104,140,104,110,665
1351,小梦仙,草 翼,,58,55,52,59,53,50,327
1352,梦中仙子,草 翼,,85,82,79,86,80,77,489
1353,梦中天使,草 翼,,108,105,102,109,103,100,627
1354,云翼紫龙,龙,,65,65,55,65,55,55,360
1355,晶泡泡,火,,55,70,45,55,50,60,335
1356,水晶巫师,火,,80,100,70,75,70,80,475
1357,,,,,,,,,,0
1358,,,,,,,,,,0
1359,,,,,,,,,,0
1360,,,,,,,,,,0
1361,,,,,,,,,,0
1362,,,,,,,,,,0
1363,,,,,,,,,,0
1364,,,,,,,,,,0
1365,,,,,,,,,,0
1366,,,,,,,,,,0
1367,,,,,,,,,,0
1368,,,,,,,,,,0
1369,,,,,,,,,,0
1370,,,,,,,,,,0
1371,,,,,,,,,,0
1372,,,,,,,,,,0
1373,,,,,,,,,,0
1374,,,,,,,,,,0
1375,,,,,,,,,,0
1376,,,,,,,,,,0
1377,,,,,,,,,,0
1378,,,,,,,,,,0
1379,,,,,,,,,,0
1380,,,,,,,,,,0
1381,,,,,,,,,,0
1382,,,,,,,,,,0
1383,,,,,,,,,,0
1384,,,,,,,,,,0
1385,,,,,,,,,,0
1386,,,,,,,,,,0
1387,,,,,,,,,,0
1388,,,,,,,,,,0
1389,,,,,,,,,,0
1390,,,,,,,,,,0
1391,,,,,,,,,,0
1392,,,,,,,,,,0
1393,,,,,,,,,,0
1394,,,,,,,,,,0
1395,,,,,,,,,,0
1396,,,,,,,,,,0
1397,,,,,,,,,,0
1398,,,,,,,,,,0
1399,,,,,,,,,,0
1400,,,,,,,,,,0
1401,,,,,,,,,,0
1402,,,,,,,,,,0
1403,,,,,,,,,,0
1404,,,,,,,,,,0
1405,,,,,,,,,,0
1406,,,,,,,,,,0
1407,,,,,,,,,,0
1408,,,,,,,,,,0
1409,,,,,,,,,,0
1410,,,,,,,,,,0
1411,,,,,,,,,,0
1412,,,,,,,,,,0
1413,,,,,,,,,,0
1414,,,,,,,,,,0
1415,,,,,,,,,,0
1416,,,,,,,,,,0
1417,,,,,,,,,,0
1418,,,,,,,,,,0
1419,,,,,,,,,,0
1420,,,,,,,,,,0
1421,,,,,,,,,,0
1422,,,,,,,,,,0
1423,,,,,,,,,,0
1424,,,,,,,,,,0
1425,,,,,,,,,,0
1426,,,,,,,,,,0
1427,,,,,,,,,,0
1428,,,,,,,,,,0
1429,,,,,,,,,,0
1430,,,,,,,,,,0
1431,,,,,,,,,,0
1432,,,,,,,,,,0
1433,,,,,,,,,,0
1434,,,,,,,,,,0
1435,,,,,,,,,,0
1436,,,,,,,,,,0
1437,,,,,,,,,,0
1438,,,,,,,,,,0
1439,,,,,,,,,,0
1440,,,,,,,,,,0
1441,,,,,,,,,,0
1442,,,,,,,,,,0
1443,,,,,,,,,,0
1444,,,,,,,,,,0
1445,,,,,,,,,,0
1446,,,,,,,,,,0
1447,,,,,,,,,,0
1448,,,,,,,,,,0
1449,,,,,,,,,,0
1450,,,,,,,,,,0
1451,,,,,,,,,,0
1452,,,,,,,,,,0
1453,,,,,,,,,,0
1454,,,,,,,,,,0
1455,,,,,,,,,,0
1456,,,,,,,,,,0
1457,,,,,,,,,,0
1458,,,,,,,,,,0
1459,,,,,,,,,,0
1460,,,,,,,,,,0
1461,,,,,,,,,,0
1462,,,,,,,,,,0
1463,,,,,,,,,,0
1464,,,,,,,,,,0
1465,,,,,,,,,,0
1466,,,,,,,,,,0
1467,,,,,,,,,,0
1468,,,,,,,,,,0
1469,,,,,,,,,,0
1470,,,,,,,,,,0
1471,,,,,,,,,,0
1472,,,,,,,,,,0
1473,,,,,,,,,,0
1474,,,,,,,,,,0
1475,,,,,,,,,,0
1476,,,,,,,,,,0
1477,,,,,,,,,,0
1478,,,,,,,,,,0
1479,,,,,,,,,,0
1480,,,,,,,,,,0
1481,,,,,,,,,,0
1482,,,,,,,,,,0
1483,,,,,,,,,,0
1484,,,,,,,,,,0
1485,,,,,,,,,,0
1486,,,,,,,,,,0
1487,,,,,,,,,,0
1488,,,,,,,,,,0
1489,,,,,,,,,,0
1490,,,,,,,,,,0
1491,,,,,,,,,,0
1492,,,,,,,,,,0
1493,,,,,,,,,,0
1494,,,,,,,,,,0
1495,,,,,,,,,,0
1496,,,,,,,,,,0
1497,,,,,,,,,,0
1498,,,,,,,,,,0
1499,,,,,,,,,,0
1500,,,,,,,,,,0
1501,,,,,,,,,,0
1502,,,,,,,,,,0
1503,,,,,,,,,,0
1504,,,,,,,,,,0
1505,,,,,,,,,,0
1506,,,,,,,,,,0
1507,,,,,,,,,,0
1508,,,,,,,,,,0
1509,,,,,,,,,,0
1510,,,,,,,,,,0
1511,,,,,,,,,,0
1512,,,,,,,,,,0
1513,,,,,,,,,,0
1514,,,,,,,,,,0
1515,,,,,,,,,,0
1516,,,,,,,,,,0
1517,,,,,,,,,,0
1518,,,,,,,,,,0
1519,,,,,,,,,,0
1520,,,,,,,,,,0
1521,,,,,,,,,,0
1522,,,,,,,,,,0
1523,,,,,,,,,,0
1524,,,,,,,,,,0
1525,,,,,,,,,,0
1526,,,,,,,,,,0
1527,,,,,,,,,,0
1528,,,,,,,,,,0
1529,,,,,,,,,,0
1530,,,,,,,,,,0
1531,,,,,,,,,,0
1532,,,,,,,,,,0
1533,,,,,,,,,,0
1534,,,,,,,,,,0
1535,,,,,,,,,,0
1536,,,,,,,,,,0
1537,,,,,,,,,,0
1538,,,,,,,,,,0
1539,,,,,,,,,,0
1540,,,,,,,,,,0
1541,,,,,,,,,,0
1542,,,,,,,,,,0
1543,,,,,,,,,,0
1544,,,,,,,,,,0
1545,,,,,,,,,,0
1546,,,,,,,,,,0
1547,,,,,,,,,,0
1548,,,,,,,,,,0
1549,,,,,,,,,,0
1550,,,,,,,,,,0
1551,,,,,,,,,,0
1552,,,,,,,,,,0
1553,,,,,,,,,,0
1554,,,,,,,,,,0
1555,,,,,,,,,,0
1556,,,,,,,,,,0
1557,,,,,,,,,,0
1558,,,,,,,,,,0
1559,,,,,,,,,,0
1560,,,,,,,,,,0
1561,,,,,,,,,,0
1562,,,,,,,,,,0
1563,,,,,,,,,,0
1564,,,,,,,,,,0
1565,,,,,,,,,,0
1566,,,,,,,,,,0
1567,,,,,,,,,,0
1568,,,,,,,,,,0
1569,,,,,,,,,,0
1570,,,,,,,,,,0
1571,,,,,,,,,,0
1572,,,,,,,,,,0
1573,,,,,,,,,,0
1574,,,,,,,,,,0
1575,,,,,,,,,,0
1576,,,,,,,,,,0
1577,,,,,,,,,,0
1578,,,,,,,,,,0
1579,,,,,,,,,,0
1580,,,,,,,,,,0
1581,,,,,,,,,,0
1582,,,,,,,,,,0
1583,,,,,,,,,,0
1584,,,,,,,,,,0
1585,,,,,,,,,,0
1586,,,,,,,,,,0
1587,,,,,,,,,,0
1588,,,,,,,,,,0
1589,,,,,,,,,,0
1590,,,,,,,,,,0
1591,,,,,,,,,,0
1592,,,,,,,,,,0
1593,,,,,,,,,,0
1594,,,,,,,,,,0
1595,,,,,,,,,,0
1596,,,,,,,,,,0
1597,,,,,,,,,,0
1598,,,,,,,,,,0
1599,,,,,,,,,,0
1600,,,,,,,,,,0
1601,,,,,,,,,,0
1602,,,,,,,,,,0
1603,,,,,,,,,,0
1604,,,,,,,,,,0
1605,,,,,,,,,,0
1606,,,,,,,,,,0
1607,,,,,,,,,,0
1608,,,,,,,,,,0
1609,,,,,,,,,,0
1610,,,,,,,,,,0
1611,,,,,,,,,,0
1612,,,,,,,,,,0
1613,,,,,,,,,,0
1614,,,,,,,,,,0
1615,,,,,,,,,,0
1616,,,,,,,,,,0
1617,,,,,,,,,,0
1618,,,,,,,,,,0
1619,,,,,,,,,,0
1620,,,,,,,,,,0
1621,,,,,,,,,,0
1622,,,,,,,,,,0
1623,,,,,,,,,,0
1624,,,,,,,,,,0
1625,,,,,,,,,,0
1626,,,,,,,,,,0
1627,,,,,,,,,,0
1628,,,,,,,,,,0
1629,,,,,,,,,,0
1630,,,,,,,,,,0
1631,,,,,,,,,,0
1632,,,,,,,,,,0
1633,,,,,,,,,,0
1634,,,,,,,,,,0
1635,,,,,,,,,,0
1636,,,,,,,,,,0
1637,,,,,,,,,,0
1638,,,,,,,,,,0
1639,,,,,,,,,,0
1640,,,,,,,,,,0
1641,,,,,,,,,,0
1642,,,,,,,,,,0
1643,,,,,,,,,,0
1644,,,,,,,,,,0
1645,,,,,,,,,,0
1646,,,,,,,,,,0
1647,,,,,,,,,,0
1648,,,,,,,,,,0
1649,,,,,,,,,,0
1650,,,,,,,,,,0
1651,,,,,,,,,,0
1652,,,,,,,,,,0
1653,,,,,,,,,,0
1654,,,,,,,,,,0
1655,,,,,,,,,,0
1656,,,,,,,,,,0
1657,,,,,,,,,,0
1658,,,,,,,,,,0
1659,,,,,,,,,,0
1660,,,,,,,,,,0
1661,,,,,,,,,,0
1662,,,,,,,,,,0
1663,,,,,,,,,,0
1664,,,,,,,,,,0
1665,,,,,,,,,,0
1666,,,,,,,,,,0
1667,,,,,,,,,,0
1668,,,,,,,,,,0
1669,,,,,,,,,,0
1670,,,,,,,,,,0
1671,,,,,,,,,,0
1672,,,,,,,,,,0
1673,,,,,,,,,,0
1674,,,,,,,,,,0
1675,,,,,,,,,,0
1676,,,,,,,,,,0
1677,,,,,,,,,,0
1678,,,,,,,,,,0
1679,,,,,,,,,,0
1680,,,,,,,,,,0
1681,,,,,,,,,,0
1682,,,,,,,,,,0
1683,,,,,,,,,,0
1684,,,,,,,,,,0
1685,,,,,,,,,,0
1686,,,,,,,,,,0
1687,,,,,,,,,,0
1688,,,,,,,,,,0
1689,,,,,,,,,,0
1690,,,,,,,,,,0
1691,,,,,,,,,,0
1692,,,,,,,,,,0
1693,,,,,,,,,,0
1694,,,,,,,,,,0
1695,,,,,,,,,,0
1696,,,,,,,,,,0
1697,,,,,,,,,,0
1698,,,,,,,,,,0
1699,,,,,,,,,,0
1700,,,,,,,,,,0
1701,,,,,,,,,,0
1702,,,,,,,,,,0
1703,,,,,,,,,,0
1704,,,,,,,,,,0
1705,,,,,,,,,,0
1706,,,,,,,,,,0
1707,,,,,,,,,,0
1708,,,,,,,,,,0
1709,,,,,,,,,,0
1710,,,,,,,,,,0
1711,,,,,,,,,,0
1712,,,,,,,,,,0
1713,,,,,,,,,,0
1714,,,,,,,,,,0
1715,,,,,,,,,,0
1716,,,,,,,,,,0
1717,,,,,,,,,,0
1718,,,,,,,,,,0
1719,,,,,,,,,,0
1720,,,,,,,,,,0
1721,,,,,,,,,,0
1722,,,,,,,,,,0
1723,,,,,,,,,,0
1724,,,,,,,,,,0
1725,,,,,,,,,,0
1726,,,,,,,,,,0
1727,,,,,,,,,,0
1728,,,,,,,,,,0
1729,,,,,,,,,,0
1730,,,,,,,,,,0
1731,,,,,,,,,,0
1732,,,,,,,,,,0
1733,,,,,,,,,,0
1734,,,,,,,,,,0
1735,,,,,,,,,,0
1736,,,,,,,,,,0
1737,,,,,,,,,,0
1738,,,,,,,,,,0
1739,,,,,,,,,,0
1740,,,,,,,,,,0
1741,,,,,,,,,,0
1742,,,,,,,,,,0
1743,,,,,,,,,,0
1744,,,,,,,,,,0
1745,,,,,,,,,,0
1746,,,,,,,,,,0
1747,,,,,,,,,,0
1748,,,,,,,,,,0
1749,,,,,,,,,,0
1750,,,,,,,,,,0
1751,,,,,,,,,,0
1752,,,,,,,,,,0
1753,,,,,,,,,,0
1754,,,,,,,,,,0
1755,,,,,,,,,,0
1756,,,,,,,,,,0
1757,,,,,,,,,,0
1758,,,,,,,,,,0
1759,,,,,,,,,,0
1760,,,,,,,,,,0
1761,,,,,,,,,,0
1762,,,,,,,,,,0
1763,,,,,,,,,,0
1764,,,,,,,,,,0
1765,,,,,,,,,,0
1766,,,,,,,,,,0
1767,,,,,,,,,,0
1768,,,,,,,,,,0
1769,,,,,,,,,,0
1770,,,,,,,,,,0
1771,,,,,,,,,,0
1772,,,,,,,,,,0
1773,,,,,,,,,,0
1774,,,,,,,,,,0
1775,,,,,,,,,,0
1776,,,,,,,,,,0
1777,,,,,,,,,,0
1778,,,,,,,,,,0
1779,,,,,,,,,,0
1780,,,,,,,,,,0
1781,,,,,,,,,,0
1782,,,,,,,,,,0
1783,,,,,,,,,,0
1784,,,,,,,,,,0
1785,,,,,,,,,,0
1786,,,,,,,,,,0
1787,,,,,,,,,,0
1788,,,,,,,,,,0
1789,,,,,,,,,,0
1790,,,,,,,,,,0
1791,,,,,,,,,,0
1792,,,,,,,,,,0
1793,,,,,,,,,,0
1794,,,,,,,,,,0
1795,,,,,,,,,,0
1796,,,,,,,,,,0
1797,,,,,,,,,,0
1798,,,,,,,,,,0
1799,,,,,,,,,,0
1800,,,,,,,,,,0
1801,,,,,,,,,,0
1802,,,,,,,,,,0
1803,,,,,,,,,,0
1804,,,,,,,,,,0
1805,,,,,,,,,,0
1806,,,,,,,,,,0
1807,,,,,,,,,,0
1808,,,,,,,,,,0
1809,,,,,,,,,,0
1810,,,,,,,,,,0
1811,,,,,,,,,,0
1812,,,,,,,,,,0
1813,,,,,,,,,,0
1814,,,,,,,,,,0
1815,,,,,,,,,,0
1816,,,,,,,,,,0
1817,,,,,,,,,,0
1818,,,,,,,,,,0
1819,,,,,,,,,,0
1820,,,,,,,,,,0
1821,,,,,,,,,,0
1822,,,,,,,,,,0
1823,,,,,,,,,,0
1824,,,,,,,,,,0
1825,,,,,,,,,,0
1826,,,,,,,,,,0
1827,,,,,,,,,,0
1828,,,,,,,,,,0
1829,,,,,,,,,,0
1830,,,,,,,,,,0
1831,,,,,,,,,,0
1832,,,,,,,,,,0
1833,,,,,,,,,,0
1834,,,,,,,,,,0
1835,,,,,,,,,,0
1836,,,,,,,,,,0
1837,,,,,,,,,,0
1838,,,,,,,,,,0
1839,,,,,,,,,,0
1840,,,,,,,,,,0
1841,,,,,,,,,,0
1842,,,,,,,,,,0
1843,,,,,,,,,,0
1844,,,,,,,,,,0
1845,,,,,,,,,,0
1846,,,,,,,,,,0
1847,,,,,,,,,,0
1848,,,,,,,,,,0
1849,,,,,,,,,,0
1850,,,,,,,,,,0
1851,,,,,,,,,,0
1852,,,,,,,,,,0
1853,,,,,,,,,,0
1854,,,,,,,,,,0
1855,,,,,,,,,,0
1856,,,,,,,,,,0
1857,,,,,,,,,,0
1858,,,,,,,,,,0
1859,,,,,,,,,,0
1860,,,,,,,,,,0
1861,,,,,,,,,,0
1862,,,,,,,,,,0
1863,,,,,,,,,,0
1864,,,,,,,,,,0
1865,,,,,,,,,,0
1866,,,,,,,,,,0
1867,,,,,,,,,,0
1868,,,,,,,,,,0
1869,,,,,,,,,,0
1870,,,,,,,,,,0
1871,,,,,,,,,,0
1872,,,,,,,,,,0
1873,,,,,,,,,,0
1874,,,,,,,,,,0
1875,,,,,,,,,,0
1876,,,,,,,,,,0
1877,,,,,,,,,,0
1878,,,,,,,,,,0
1879,,,,,,,,,,0
1880,,,,,,,,,,0
1881,,,,,,,,,,0
1882,,,,,,,,,,0
1883,,,,,,,,,,0
1884,,,,,,,,,,0
1885,,,,,,,,,,0
1886,,,,,,,,,,0
1887,,,,,,,,,,0
1888,,,,,,,,,,0
1889,,,,,,,,,,0
1890,,,,,,,,,,0
1891,,,,,,,,,,0
1892,,,,,,,,,,0
1893,,,,,,,,,,0
1894,,,,,,,,,,0
1895,,,,,,,,,,0
1896,,,,,,,,,,0
1897,,,,,,,,,,0
1898,,,,,,,,,,0
1899,,,,,,,,,,0
1900,,,,,,,,,,0
1901,,,,,,,,,,0
1902,,,,,,,,,,0
1903,,,,,,,,,,0
1904,,,,,,,,,,0
1905,,,,,,,,,,0
1906,,,,,,,,,,0
1907,,,,,,,,,,0
1908,,,,,,,,,,0
1909,,,,,,,,,,0
1910,,,,,,,,,,0
1911,,,,,,,,,,0
1912,,,,,,,,,,0
1913,,,,,,,,,,0
1914,,,,,,,,,,0
1915,,,,,,,,,,0
1916,,,,,,,,,,0
1917,,,,,,,,,,0
1918,,,,,,,,,,0
1919,,,,,,,,,,0
1920,,,,,,,,,,0
1921,,,,,,,,,,0
1922,,,,,,,,,,0
1923,,,,,,,,,,0
1924,,,,,,,,,,0
1925,,,,,,,,,,0
1926,,,,,,,,,,0
1927,,,,,,,,,,0
1928,,,,,,,,,,0
1929,,,,,,,,,,0
1930,,,,,,,,,,0
1931,,,,,,,,,,0
1932,,,,,,,,,,0
1933,,,,,,,,,,0
1934,,,,,,,,,,0
1935,,,,,,,,,,0
1936,,,,,,,,,,0
1937,,,,,,,,,,0
1938,,,,,,,,,,0
1939,,,,,,,,,,0
1940,,,,,,,,,,0
1941,,,,,,,,,,0
1942,,,,,,,,,,0
1943,,,,,,,,,,0
1944,,,,,,,,,,0
1945,,,,,,,,,,0
1946,,,,,,,,,,0
1947,,,,,,,,,,0
1948,,,,,,,,,,0
1949,,,,,,,,,,0
1950,,,,,,,,,,0
1951,,,,,,,,,,0
1952,,,,,,,,,,0
1953,,,,,,,,,,0
1954,,,,,,,,,,0
1955,,,,,,,,,,0
1956,,,,,,,,,,0
1957,,,,,,,,,,0
1958,,,,,,,,,,0
1959,,,,,,,,,,0
1960,,,,,,,,,,0
1961,,,,,,,,,,0
1962,,,,,,,,,,0
1963,,,,,,,,,,0
1964,,,,,,,,,,0
1965,,,,,,,,,,0
1966,,,,,,,,,,0
1967,,,,,,,,,,0
1968,,,,,,,,,,0
1969,,,,,,,,,,0
1970,,,,,,,,,,0
1971,,,,,,,,,,0
1972,,,,,,,,,,0
1973,,,,,,,,,,0
1974,,,,,,,,,,0
1975,,,,,,,,,,0
1976,,,,,,,,,,0
1977,,,,,,,,,,0
1978,,,,,,,,,,0
1979,,,,,,,,,,0
1980,,,,,,,,,,0
1981,,,,,,,,,,0
1982,,,,,,,,,,0
1983,,,,,,,,,,0
1984,,,,,,,,,,0
1985,,,,,,,,,,0
1986,,,,,,,,,,0
1987,,,,,,,,,,0
1988,,,,,,,,,,0
1989,,,,,,,,,,0
1990,,,,,,,,,,0
1991,,,,,,,,,,0
1992,,,,,,,,,,0
1993,,,,,,,,,,0
1994,,,,,,,,,,0
1995,圣龙阿布,龙,,120,135,110,130,105,110,710